Recipe Name,Ingredient,URL
Eclairs II,butter,http://allrecipes.com/recipe/19010/eclairs-ii
Eclairs II,water,http://allrecipes.com/recipe/19010/eclairs-ii
Eclairs II,all-purpose flour,http://allrecipes.com/recipe/19010/eclairs-ii
Eclairs II,salt,http://allrecipes.com/recipe/19010/eclairs-ii
Eclairs II,eggs,http://allrecipes.com/recipe/19010/eclairs-ii
Eclairs II,instant vanilla pudding mix,http://allrecipes.com/recipe/19010/eclairs-ii
Eclairs II,cold milk,http://allrecipes.com/recipe/19010/eclairs-ii
Eclairs II,heavy cream,http://allrecipes.com/recipe/19010/eclairs-ii
Eclairs II,confectioners' sugar,http://allrecipes.com/recipe/19010/eclairs-ii
Eclairs II,vanilla extract,http://allrecipes.com/recipe/19010/eclairs-ii
Eclairs II,squares semisweet chocolate,http://allrecipes.com/recipe/19010/eclairs-ii
Eclairs II,butter,http://allrecipes.com/recipe/19010/eclairs-ii
Eclairs II,confectioners' sugar,http://allrecipes.com/recipe/19010/eclairs-ii
Eclairs II,vanilla extract,http://allrecipes.com/recipe/19010/eclairs-ii
Eclairs II,hot water,http://allrecipes.com/recipe/19010/eclairs-ii
Irish Cream Creme Brulee,heavy cream,http://allrecipes.com/recipe/138086/irish-cream-creme-brulee
Irish Cream Creme Brulee,white sugar,http://allrecipes.com/recipe/138086/irish-cream-creme-brulee
Irish Cream Creme Brulee,egg yolks,http://allrecipes.com/recipe/138086/irish-cream-creme-brulee
Irish Cream Creme Brulee,vanilla extract,http://allrecipes.com/recipe/138086/irish-cream-creme-brulee
Irish Cream Creme Brulee,Irish cream liqueur,http://allrecipes.com/recipe/138086/irish-cream-creme-brulee
Irish Cream Creme Brulee,superfine sugar as needed,http://allrecipes.com/recipe/138086/irish-cream-creme-brulee
Pastry Cream,milk,http://allrecipes.com/recipe/76043/pastry-cream
Pastry Cream,white sugar,http://allrecipes.com/recipe/76043/pastry-cream
Pastry Cream,egg yolks,http://allrecipes.com/recipe/76043/pastry-cream
Pastry Cream,egg,http://allrecipes.com/recipe/76043/pastry-cream
Pastry Cream,cornstarch,http://allrecipes.com/recipe/76043/pastry-cream
Pastry Cream,white sugar,http://allrecipes.com/recipe/76043/pastry-cream
Pastry Cream,butter,http://allrecipes.com/recipe/76043/pastry-cream
Pastry Cream,vanilla extract,http://allrecipes.com/recipe/76043/pastry-cream
French Onion Soup I,butter,http://allrecipes.com/recipe/12926/french-onion-soup-i
French Onion Soup I,onions,http://allrecipes.com/recipe/12926/french-onion-soup-i
French Onion Soup I,white sugar,http://allrecipes.com/recipe/12926/french-onion-soup-i
French Onion Soup I,all-purpose flour,http://allrecipes.com/recipe/12926/french-onion-soup-i
French Onion Soup I,water,http://allrecipes.com/recipe/12926/french-onion-soup-i
French Onion Soup I,red wine,http://allrecipes.com/recipe/12926/french-onion-soup-i
French Onion Soup I,condensed beef broth,http://allrecipes.com/recipe/12926/french-onion-soup-i
French Onion Soup I,French baguette,http://allrecipes.com/recipe/12926/french-onion-soup-i
French Onion Soup I,sliced Swiss cheese,http://allrecipes.com/recipe/12926/french-onion-soup-i
Chicken Gruyere with Sauteed Mushrooms,all-purpose flour,http://allrecipes.com/recipe/28078/chicken-gruyere-with-sauteed-mushrooms
Chicken Gruyere with Sauteed Mushrooms,salt,http://allrecipes.com/recipe/28078/chicken-gruyere-with-sauteed-mushrooms
Chicken Gruyere with Sauteed Mushrooms,pepper,http://allrecipes.com/recipe/28078/chicken-gruyere-with-sauteed-mushrooms
Chicken Gruyere with Sauteed Mushrooms,chopped fresh parsley,http://allrecipes.com/recipe/28078/chicken-gruyere-with-sauteed-mushrooms
Chicken Gruyere with Sauteed Mushrooms,dried dill weed,http://allrecipes.com/recipe/28078/chicken-gruyere-with-sauteed-mushrooms
Chicken Gruyere with Sauteed Mushrooms,butter,http://allrecipes.com/recipe/28078/chicken-gruyere-with-sauteed-mushrooms
Chicken Gruyere with Sauteed Mushrooms,"boneless, skinless chicken breast halves",http://allrecipes.com/recipe/28078/chicken-gruyere-with-sauteed-mushrooms
Chicken Gruyere with Sauteed Mushrooms,fresh mushrooms,http://allrecipes.com/recipe/28078/chicken-gruyere-with-sauteed-mushrooms
Chicken Gruyere with Sauteed Mushrooms,onion  into rings,http://allrecipes.com/recipe/28078/chicken-gruyere-with-sauteed-mushrooms
Chicken Gruyere with Sauteed Mushrooms,white wine,http://allrecipes.com/recipe/28078/chicken-gruyere-with-sauteed-mushrooms
Chicken Gruyere with Sauteed Mushrooms,Gruyere cheese,http://allrecipes.com/recipe/28078/chicken-gruyere-with-sauteed-mushrooms
Quiche Lorraine I,recipe pastry for a 9 inch single crust pie,http://allrecipes.com/recipe/17515/quiche-lorraine-i
Quiche Lorraine I,bacon,http://allrecipes.com/recipe/17515/quiche-lorraine-i
Quiche Lorraine I,shredded Swiss cheese,http://allrecipes.com/recipe/17515/quiche-lorraine-i
Quiche Lorraine I,minced onion,http://allrecipes.com/recipe/17515/quiche-lorraine-i
Quiche Lorraine I,"eggs, beaten",http://allrecipes.com/recipe/17515/quiche-lorraine-i
Quiche Lorraine I,light cream,http://allrecipes.com/recipe/17515/quiche-lorraine-i
Quiche Lorraine I,salt,http://allrecipes.com/recipe/17515/quiche-lorraine-i
Quiche Lorraine I,white sugar,http://allrecipes.com/recipe/17515/quiche-lorraine-i
Quiche Lorraine I,cayenne pepper,http://allrecipes.com/recipe/17515/quiche-lorraine-i
Saucy Chicken Cordon Bleu,"skinless, boneless chicken breast halves",http://allrecipes.com/recipe/9005/saucy-chicken-cordon-bleu
Saucy Chicken Cordon Bleu,ham,http://allrecipes.com/recipe/9005/saucy-chicken-cordon-bleu
Saucy Chicken Cordon Bleu,Swiss cheese,http://allrecipes.com/recipe/9005/saucy-chicken-cordon-bleu
Saucy Chicken Cordon Bleu,all-purpose flour,http://allrecipes.com/recipe/9005/saucy-chicken-cordon-bleu
Saucy Chicken Cordon Bleu,salt,http://allrecipes.com/recipe/9005/saucy-chicken-cordon-bleu
Saucy Chicken Cordon Bleu,ground black pepper,http://allrecipes.com/recipe/9005/saucy-chicken-cordon-bleu
Saucy Chicken Cordon Bleu,paprika,http://allrecipes.com/recipe/9005/saucy-chicken-cordon-bleu
Saucy Chicken Cordon Bleu,"eggs, beaten",http://allrecipes.com/recipe/9005/saucy-chicken-cordon-bleu
Saucy Chicken Cordon Bleu,milk,http://allrecipes.com/recipe/9005/saucy-chicken-cordon-bleu
Saucy Chicken Cordon Bleu,dry bread crumbs,http://allrecipes.com/recipe/9005/saucy-chicken-cordon-bleu
Saucy Chicken Cordon Bleu,olive oil,http://allrecipes.com/recipe/9005/saucy-chicken-cordon-bleu
Saucy Chicken Cordon Bleu,condensed cream of mushroom soup,http://allrecipes.com/recipe/9005/saucy-chicken-cordon-bleu
Saucy Chicken Cordon Bleu,fresh mushrooms,http://allrecipes.com/recipe/9005/saucy-chicken-cordon-bleu
Saucy Chicken Cordon Bleu,garlic powder,http://allrecipes.com/recipe/9005/saucy-chicken-cordon-bleu
Saucy Chicken Cordon Bleu,curry powder,http://allrecipes.com/recipe/9005/saucy-chicken-cordon-bleu
Saucy Chicken Cordon Bleu,white wine,http://allrecipes.com/recipe/9005/saucy-chicken-cordon-bleu
Saucy Chicken Cordon Bleu,sour cream,http://allrecipes.com/recipe/9005/saucy-chicken-cordon-bleu
Saucy Chicken Cordon Bleu,"sprigs fresh parsley, for garnish",http://allrecipes.com/recipe/9005/saucy-chicken-cordon-bleu
Croissants,active dry yeast,http://allrecipes.com/recipe/6916/croissants
Croissants,warm water (110 degrees F/45 degrees C),http://allrecipes.com/recipe/6916/croissants
Croissants,white sugar,http://allrecipes.com/recipe/6916/croissants
Croissants,all-purpose flour,http://allrecipes.com/recipe/6916/croissants
Croissants,white sugar,http://allrecipes.com/recipe/6916/croissants
Croissants,salt,http://allrecipes.com/recipe/6916/croissants
Croissants,warm milk,http://allrecipes.com/recipe/6916/croissants
Croissants,vegetable oil,http://allrecipes.com/recipe/6916/croissants
Croissants,unsalted butter,http://allrecipes.com/recipe/6916/croissants
Croissants,egg,http://allrecipes.com/recipe/6916/croissants
Croissants,water,http://allrecipes.com/recipe/6916/croissants
Delicious Easy Chicken Francese,all-purpose flour,http://allrecipes.com/recipe/16681/delicious-easy-chicken-francese
Delicious Easy Chicken Francese,"eggs, beaten",http://allrecipes.com/recipe/16681/delicious-easy-chicken-francese
Delicious Easy Chicken Francese,"skinless, boneless chicken breast halves",http://allrecipes.com/recipe/16681/delicious-easy-chicken-francese
Delicious Easy Chicken Francese,white wine,http://allrecipes.com/recipe/16681/delicious-easy-chicken-francese
Delicious Easy Chicken Francese,chicken broth,http://allrecipes.com/recipe/16681/delicious-easy-chicken-francese
Delicious Easy Chicken Francese,chopped fresh parsley,http://allrecipes.com/recipe/16681/delicious-easy-chicken-francese
Delicious Easy Chicken Francese,salt and pepper to taste,http://allrecipes.com/recipe/16681/delicious-easy-chicken-francese
Delicious Easy Chicken Francese,butter,http://allrecipes.com/recipe/16681/delicious-easy-chicken-francese
Delicious Easy Chicken Francese,lemons,http://allrecipes.com/recipe/16681/delicious-easy-chicken-francese
Delicious Easy Chicken Francese,cornstarch,http://allrecipes.com/recipe/16681/delicious-easy-chicken-francese
Beef Bourguignon II,all-purpose flour,http://allrecipes.com/recipe/16905/beef-bourguignon-ii
Beef Bourguignon II,salt,http://allrecipes.com/recipe/16905/beef-bourguignon-ii
Beef Bourguignon II,ground black pepper,http://allrecipes.com/recipe/16905/beef-bourguignon-ii
Beef Bourguignon II,cubed stew meat,http://allrecipes.com/recipe/16905/beef-bourguignon-ii
Beef Bourguignon II,butter,http://allrecipes.com/recipe/16905/beef-bourguignon-ii
Beef Bourguignon II,onion,http://allrecipes.com/recipe/16905/beef-bourguignon-ii
Beef Bourguignon II,carrots,http://allrecipes.com/recipe/16905/beef-bourguignon-ii
Beef Bourguignon II,garlic,http://allrecipes.com/recipe/16905/beef-bourguignon-ii
Beef Bourguignon II,red wine,http://allrecipes.com/recipe/16905/beef-bourguignon-ii
Beef Bourguignon II,bay leaf,http://allrecipes.com/recipe/16905/beef-bourguignon-ii
Beef Bourguignon II,chopped fresh parsley,http://allrecipes.com/recipe/16905/beef-bourguignon-ii
Beef Bourguignon II,dried thyme,http://allrecipes.com/recipe/16905/beef-bourguignon-ii
Beef Bourguignon II,sliced mushrooms,http://allrecipes.com/recipe/16905/beef-bourguignon-ii
Beef Bourguignon II,,http://allrecipes.com/recipe/16905/beef-bourguignon-ii
The Best Lemon Vinaigrette,red wine vinegar,http://allrecipes.com/recipe/236780/the-best-lemon-vinaigrette
The Best Lemon Vinaigrette,Dijon mustard,http://allrecipes.com/recipe/236780/the-best-lemon-vinaigrette
The Best Lemon Vinaigrette,dried oregano,http://allrecipes.com/recipe/236780/the-best-lemon-vinaigrette
The Best Lemon Vinaigrette,garlic,http://allrecipes.com/recipe/236780/the-best-lemon-vinaigrette
The Best Lemon Vinaigrette,kosher salt,http://allrecipes.com/recipe/236780/the-best-lemon-vinaigrette
The Best Lemon Vinaigrette,ground black pepper,http://allrecipes.com/recipe/236780/the-best-lemon-vinaigrette
The Best Lemon Vinaigrette,olive oil,http://allrecipes.com/recipe/236780/the-best-lemon-vinaigrette
The Best Lemon Vinaigrette,fresh lemon juice,http://allrecipes.com/recipe/236780/the-best-lemon-vinaigrette
French Onion Soup II,onions,http://allrecipes.com/recipe/13176/french-onion-soup-ii
French Onion Soup II,vegetable oil,http://allrecipes.com/recipe/13176/french-onion-soup-ii
French Onion Soup II,beef broth,http://allrecipes.com/recipe/13176/french-onion-soup-ii
French Onion Soup II,Worcestershire sauce,http://allrecipes.com/recipe/13176/french-onion-soup-ii
French Onion Soup II,pinch ground black pepper,http://allrecipes.com/recipe/13176/french-onion-soup-ii
French Onion Soup II,French bread,http://allrecipes.com/recipe/13176/french-onion-soup-ii
French Onion Soup II,shredded Swiss cheese,http://allrecipes.com/recipe/13176/french-onion-soup-ii
Madeleines II,eggs,http://allrecipes.com/recipe/11350/madeleines-ii
Madeleines II,vanilla extract,http://allrecipes.com/recipe/11350/madeleines-ii
Madeleines II,lemon zest,http://allrecipes.com/recipe/11350/madeleines-ii
Madeleines II,confectioners' sugar,http://allrecipes.com/recipe/11350/madeleines-ii
Madeleines II,all-purpose flour,http://allrecipes.com/recipe/11350/madeleines-ii
Madeleines II,baking powder,http://allrecipes.com/recipe/11350/madeleines-ii
Madeleines II,"butter, melted and cooled",http://allrecipes.com/recipe/11350/madeleines-ii
Rich and Creamy Potatoes Au Gratin,Yukon Gold potatoes peeled and,http://allrecipes.com/recipe/219721/rich-and-creamy-potatoes-au-gratin
Rich and Creamy Potatoes Au Gratin,garlic,http://allrecipes.com/recipe/219721/rich-and-creamy-potatoes-au-gratin
Rich and Creamy Potatoes Au Gratin,salt,http://allrecipes.com/recipe/219721/rich-and-creamy-potatoes-au-gratin
Rich and Creamy Potatoes Au Gratin,heavy cream,http://allrecipes.com/recipe/219721/rich-and-creamy-potatoes-au-gratin
Rich and Creamy Potatoes Au Gratin,ground black pepper to taste,http://allrecipes.com/recipe/219721/rich-and-creamy-potatoes-au-gratin
Rich and Creamy Potatoes Au Gratin,grated nutmeg to taste,http://allrecipes.com/recipe/219721/rich-and-creamy-potatoes-au-gratin
Rich and Creamy Potatoes Au Gratin,shredded Gruyere cheese,http://allrecipes.com/recipe/219721/rich-and-creamy-potatoes-au-gratin
Cream Puff Shells,shortening,http://allrecipes.com/recipe/19032/cream-puff-shells
Cream Puff Shells,salt,http://allrecipes.com/recipe/19032/cream-puff-shells
Cream Puff Shells,boiling water,http://allrecipes.com/recipe/19032/cream-puff-shells
Cream Puff Shells,sifted all-purpose flour,http://allrecipes.com/recipe/19032/cream-puff-shells
Cream Puff Shells,eggs,http://allrecipes.com/recipe/19032/cream-puff-shells
Buche de Noel,heavy cream,http://allrecipes.com/recipe/17345/buche-de-noel
Buche de Noel,confectioners' sugar,http://allrecipes.com/recipe/17345/buche-de-noel
Buche de Noel,unsweetened cocoa powder,http://allrecipes.com/recipe/17345/buche-de-noel
Buche de Noel,vanilla extract,http://allrecipes.com/recipe/17345/buche-de-noel
Buche de Noel,egg yolks,http://allrecipes.com/recipe/17345/buche-de-noel
Buche de Noel,white sugar,http://allrecipes.com/recipe/17345/buche-de-noel
Buche de Noel,unsweetened cocoa powder,http://allrecipes.com/recipe/17345/buche-de-noel
Buche de Noel,vanilla extract,http://allrecipes.com/recipe/17345/buche-de-noel
Buche de Noel,salt,http://allrecipes.com/recipe/17345/buche-de-noel
Buche de Noel,egg whites,http://allrecipes.com/recipe/17345/buche-de-noel
Buche de Noel,white sugar,http://allrecipes.com/recipe/17345/buche-de-noel
Buche de Noel,confectioners' sugar for dusting,http://allrecipes.com/recipe/17345/buche-de-noel
French Crepes,all-purpose flour,http://allrecipes.com/recipe/20931/french-crepes
French Crepes,white sugar,http://allrecipes.com/recipe/20931/french-crepes
French Crepes,salt,http://allrecipes.com/recipe/20931/french-crepes
French Crepes,eggs,http://allrecipes.com/recipe/20931/french-crepes
French Crepes,milk,http://allrecipes.com/recipe/20931/french-crepes
French Crepes,butter,http://allrecipes.com/recipe/20931/french-crepes
Slow Cooker Chicken Cordon Bleu,"skinless, boneless chicken breast halves",http://allrecipes.com/recipe/81124/slow-cooker-chicken-cordon-bleu
Slow Cooker Chicken Cordon Bleu,condensed cream of chicken soup,http://allrecipes.com/recipe/81124/slow-cooker-chicken-cordon-bleu
Slow Cooker Chicken Cordon Bleu,milk,http://allrecipes.com/recipe/81124/slow-cooker-chicken-cordon-bleu
Slow Cooker Chicken Cordon Bleu,sliced ham,http://allrecipes.com/recipe/81124/slow-cooker-chicken-cordon-bleu
Slow Cooker Chicken Cordon Bleu,sliced Swiss cheese,http://allrecipes.com/recipe/81124/slow-cooker-chicken-cordon-bleu
Slow Cooker Chicken Cordon Bleu,herbed dry bread stuffing mix,http://allrecipes.com/recipe/81124/slow-cooker-chicken-cordon-bleu
Slow Cooker Chicken Cordon Bleu,butter,http://allrecipes.com/recipe/81124/slow-cooker-chicken-cordon-bleu
Filet Mignons With Pepper Cream Sauce,crushed black peppercorns,http://allrecipes.com/recipe/213505/filet-mignons-with-pepper-cream-sauce
Filet Mignons With Pepper Cream Sauce,1 1/2 inch thick filet mignon steaks,http://allrecipes.com/recipe/213505/filet-mignons-with-pepper-cream-sauce
Filet Mignons With Pepper Cream Sauce,salt to taste,http://allrecipes.com/recipe/213505/filet-mignons-with-pepper-cream-sauce
Filet Mignons With Pepper Cream Sauce,butter,http://allrecipes.com/recipe/213505/filet-mignons-with-pepper-cream-sauce
Filet Mignons With Pepper Cream Sauce,olive oil,http://allrecipes.com/recipe/213505/filet-mignons-with-pepper-cream-sauce
Filet Mignons With Pepper Cream Sauce,beef broth,http://allrecipes.com/recipe/213505/filet-mignons-with-pepper-cream-sauce
Filet Mignons With Pepper Cream Sauce,heavy cream,http://allrecipes.com/recipe/213505/filet-mignons-with-pepper-cream-sauce
Fig and Olive Tapenade,chopped  figs,http://allrecipes.com/recipe/50843/fig-and-olive-tapenade
Fig and Olive Tapenade,water,http://allrecipes.com/recipe/50843/fig-and-olive-tapenade
Fig and Olive Tapenade,olive oil,http://allrecipes.com/recipe/50843/fig-and-olive-tapenade
Fig and Olive Tapenade,balsamic vinegar,http://allrecipes.com/recipe/50843/fig-and-olive-tapenade
Fig and Olive Tapenade,dried rosemary,http://allrecipes.com/recipe/50843/fig-and-olive-tapenade
Fig and Olive Tapenade,dried thyme,http://allrecipes.com/recipe/50843/fig-and-olive-tapenade
Fig and Olive Tapenade,cayenne pepper,http://allrecipes.com/recipe/50843/fig-and-olive-tapenade
Fig and Olive Tapenade,chopped kalamata olives,http://allrecipes.com/recipe/50843/fig-and-olive-tapenade
Fig and Olive Tapenade,garlic,http://allrecipes.com/recipe/50843/fig-and-olive-tapenade
Fig and Olive Tapenade,salt and pepper to taste,http://allrecipes.com/recipe/50843/fig-and-olive-tapenade
Fig and Olive Tapenade,chopped  walnuts,http://allrecipes.com/recipe/50843/fig-and-olive-tapenade
Fig and Olive Tapenade,cream cheese,http://allrecipes.com/recipe/50843/fig-and-olive-tapenade
Pro Ganache,semisweet chocolate chips,http://allrecipes.com/recipe/76330/pro-ganache
Pro Ganache,heavy cream,http://allrecipes.com/recipe/76330/pro-ganache
Pro Ganache,vanilla extract,http://allrecipes.com/recipe/76330/pro-ganache
Cream Puffs I,white sugar,http://allrecipes.com/recipe/19033/cream-puffs-i
Cream Puffs I,all-purpose flour,http://allrecipes.com/recipe/19033/cream-puffs-i
Cream Puffs I,pinch salt,http://allrecipes.com/recipe/19033/cream-puffs-i
Cream Puffs I,milk,http://allrecipes.com/recipe/19033/cream-puffs-i
Cream Puffs I,"egg yolks, beaten",http://allrecipes.com/recipe/19033/cream-puffs-i
Cream Puffs I,vanilla extract,http://allrecipes.com/recipe/19033/cream-puffs-i
Cream Puffs I,shortening,http://allrecipes.com/recipe/19033/cream-puffs-i
Cream Puffs I,water,http://allrecipes.com/recipe/19033/cream-puffs-i
Cream Puffs I,all-purpose flour,http://allrecipes.com/recipe/19033/cream-puffs-i
Cream Puffs I,pinch salt,http://allrecipes.com/recipe/19033/cream-puffs-i
Cream Puffs I,eggs,http://allrecipes.com/recipe/19033/cream-puffs-i
Brie Cheese Appetizer,wheel Brie cheese,http://allrecipes.com/recipe/15015/brie-cheese-appetizer
Brie Cheese Appetizer,apricot preserves,http://allrecipes.com/recipe/15015/brie-cheese-appetizer
Brie Cheese Appetizer,frozen puff pastry,http://allrecipes.com/recipe/15015/brie-cheese-appetizer
Brie Cheese Appetizer,egg white,http://allrecipes.com/recipe/15015/brie-cheese-appetizer
Basic Bechamel Sauce,butter,http://allrecipes.com/recipe/139987/basic-bechamel-sauce
Basic Bechamel Sauce,all-purpose flour,http://allrecipes.com/recipe/139987/basic-bechamel-sauce
Basic Bechamel Sauce,milk,http://allrecipes.com/recipe/139987/basic-bechamel-sauce
Basic Bechamel Sauce,salt,http://allrecipes.com/recipe/139987/basic-bechamel-sauce
Basic Bechamel Sauce,grated nutmeg,http://allrecipes.com/recipe/139987/basic-bechamel-sauce
Roasted Asparagus with Herbes de Provence,bunch fresh asparagus spears,http://allrecipes.com/recipe/149984/roasted-asparagus-with-herbes-de-provence
Roasted Asparagus with Herbes de Provence,olive oil,http://allrecipes.com/recipe/149984/roasted-asparagus-with-herbes-de-provence
Roasted Asparagus with Herbes de Provence,dried Herbes de Provence,http://allrecipes.com/recipe/149984/roasted-asparagus-with-herbes-de-provence
Roasted Asparagus with Herbes de Provence,sea salt and pepper to taste,http://allrecipes.com/recipe/149984/roasted-asparagus-with-herbes-de-provence
Chicken a la Creme,butter,http://allrecipes.com/recipe/48873/chicken-a-la-creme
Chicken a la Creme,chicken breast tenderloins or strips,http://allrecipes.com/recipe/48873/chicken-a-la-creme
Chicken a la Creme,salt and pepper to taste,http://allrecipes.com/recipe/48873/chicken-a-la-creme
Chicken a la Creme,heavy cream,http://allrecipes.com/recipe/48873/chicken-a-la-creme
Patti's Mussels a la Mariniere,fresh mussels  and,http://allrecipes.com/recipe/42657/pattis-mussels-a-la-mariniere
Patti's Mussels a la Mariniere,extra virgin olive oil,http://allrecipes.com/recipe/42657/pattis-mussels-a-la-mariniere
Patti's Mussels a la Mariniere,garlic,http://allrecipes.com/recipe/42657/pattis-mussels-a-la-mariniere
Patti's Mussels a la Mariniere,white wine,http://allrecipes.com/recipe/42657/pattis-mussels-a-la-mariniere
Patti's Mussels a la Mariniere,margarine or butter,http://allrecipes.com/recipe/42657/pattis-mussels-a-la-mariniere
Patti's Mussels a la Mariniere,green onions,http://allrecipes.com/recipe/42657/pattis-mussels-a-la-mariniere
Patti's Mussels a la Mariniere,bunch fresh parsley,http://allrecipes.com/recipe/42657/pattis-mussels-a-la-mariniere
Patti's Mussels a la Mariniere,roma (plum) tomatoes,http://allrecipes.com/recipe/42657/pattis-mussels-a-la-mariniere
Patti's Mussels a la Mariniere,salt and pepper to taste,http://allrecipes.com/recipe/42657/pattis-mussels-a-la-mariniere
Chef John's Creme Fraiche,heavy cream,http://allrecipes.com/recipe/222387/chef-johns-creme-fraiche
Chef John's Creme Fraiche,cultured buttermilk,http://allrecipes.com/recipe/222387/chef-johns-creme-fraiche
Chef John's Coq Au Vin,"bone-in, skin-on chicken thighs",http://allrecipes.com/recipe/239230/chef-johns-coq-au-vin
Chef John's Coq Au Vin,pinch kosher salt and  ground black pepper to taste,http://allrecipes.com/recipe/239230/chef-johns-coq-au-vin
Chef John's Coq Au Vin,bacon  crosswise into 1/2-inch pieces,http://allrecipes.com/recipe/239230/chef-johns-coq-au-vin
Chef John's Coq Au Vin,large button mushrooms,http://allrecipes.com/recipe/239230/chef-johns-coq-au-vin
Chef John's Coq Au Vin,large yellow onion,http://allrecipes.com/recipe/239230/chef-johns-coq-au-vin
Chef John's Coq Au Vin,shallots,http://allrecipes.com/recipe/239230/chef-johns-coq-au-vin
Chef John's Coq Au Vin,all-purpose flour,http://allrecipes.com/recipe/239230/chef-johns-coq-au-vin
Chef John's Coq Au Vin,butter,http://allrecipes.com/recipe/239230/chef-johns-coq-au-vin
Chef John's Coq Au Vin,red wine,http://allrecipes.com/recipe/239230/chef-johns-coq-au-vin
Chef John's Coq Au Vin,sprigs fresh thyme,http://allrecipes.com/recipe/239230/chef-johns-coq-au-vin
Chef John's Coq Au Vin,chicken broth,http://allrecipes.com/recipe/239230/chef-johns-coq-au-vin
Cream Puffs II,water,http://allrecipes.com/recipe/19034/cream-puffs-ii
Cream Puffs II,butter,http://allrecipes.com/recipe/19034/cream-puffs-ii
Cream Puffs II,sifted all-purpose flour,http://allrecipes.com/recipe/19034/cream-puffs-ii
Cream Puffs II,salt,http://allrecipes.com/recipe/19034/cream-puffs-ii
Cream Puffs II,eggs,http://allrecipes.com/recipe/19034/cream-puffs-ii
Cream Puffs II,heavy cream,http://allrecipes.com/recipe/19034/cream-puffs-ii
Cream Puffs II,white sugar,http://allrecipes.com/recipe/19034/cream-puffs-ii
Cream Puffs II,vanilla extract,http://allrecipes.com/recipe/19034/cream-puffs-ii
Cream Puffs II,semisweet chocolate chips,http://allrecipes.com/recipe/19034/cream-puffs-ii
French Beef Stew,cubed beef stew meat,http://allrecipes.com/recipe/13345/french-beef-stew
French Beef Stew,all-purpose flour,http://allrecipes.com/recipe/13345/french-beef-stew
French Beef Stew,vegetable oil,http://allrecipes.com/recipe/13345/french-beef-stew
French Beef Stew,Italian-style  tomatoes,http://allrecipes.com/recipe/13345/french-beef-stew
French Beef Stew,beef broth,http://allrecipes.com/recipe/13345/french-beef-stew
French Beef Stew,carrots,http://allrecipes.com/recipe/13345/french-beef-stew
French Beef Stew,potatoes  and,http://allrecipes.com/recipe/13345/french-beef-stew
French Beef Stew,dried thyme,http://allrecipes.com/recipe/13345/french-beef-stew
French Beef Stew,Dijon-style prepared mustard,http://allrecipes.com/recipe/13345/french-beef-stew
French Beef Stew,salt and pepper to taste,http://allrecipes.com/recipe/13345/french-beef-stew
French Apple Tart (Tarte de Pommes a la Normande),Pastry:,http://allrecipes.com/recipe/77874/french-apple-tart-tarte-de-pommes-a-la-normande
French Apple Tart (Tarte de Pommes a la Normande),all-purpose flour,http://allrecipes.com/recipe/77874/french-apple-tart-tarte-de-pommes-a-la-normande
French Apple Tart (Tarte de Pommes a la Normande),pinch salt,http://allrecipes.com/recipe/77874/french-apple-tart-tarte-de-pommes-a-la-normande
French Apple Tart (Tarte de Pommes a la Normande),butter,http://allrecipes.com/recipe/77874/french-apple-tart-tarte-de-pommes-a-la-normande
French Apple Tart (Tarte de Pommes a la Normande),egg yolk,http://allrecipes.com/recipe/77874/french-apple-tart-tarte-de-pommes-a-la-normande
French Apple Tart (Tarte de Pommes a la Normande),"cold water, or as needed",http://allrecipes.com/recipe/77874/french-apple-tart-tarte-de-pommes-a-la-normande
French Apple Tart (Tarte de Pommes a la Normande),Frangipane:,http://allrecipes.com/recipe/77874/french-apple-tart-tarte-de-pommes-a-la-normande
French Apple Tart (Tarte de Pommes a la Normande),butter,http://allrecipes.com/recipe/77874/french-apple-tart-tarte-de-pommes-a-la-normande
French Apple Tart (Tarte de Pommes a la Normande),white sugar,http://allrecipes.com/recipe/77874/french-apple-tart-tarte-de-pommes-a-la-normande
French Apple Tart (Tarte de Pommes a la Normande),"egg, beaten",http://allrecipes.com/recipe/77874/french-apple-tart-tarte-de-pommes-a-la-normande
French Apple Tart (Tarte de Pommes a la Normande),egg yolk,http://allrecipes.com/recipe/77874/french-apple-tart-tarte-de-pommes-a-la-normande
French Apple Tart (Tarte de Pommes a la Normande),apple brandy,http://allrecipes.com/recipe/77874/french-apple-tart-tarte-de-pommes-a-la-normande
French Apple Tart (Tarte de Pommes a la Normande),ground almonds,http://allrecipes.com/recipe/77874/french-apple-tart-tarte-de-pommes-a-la-normande
French Apple Tart (Tarte de Pommes a la Normande),all-purpose flour,http://allrecipes.com/recipe/77874/french-apple-tart-tarte-de-pommes-a-la-normande
French Apple Tart (Tarte de Pommes a la Normande),medium sweet apples - peeled cored halved and,http://allrecipes.com/recipe/77874/french-apple-tart-tarte-de-pommes-a-la-normande
French Apple Tart (Tarte de Pommes a la Normande),white sugar for decoration,http://allrecipes.com/recipe/77874/french-apple-tart-tarte-de-pommes-a-la-normande
French Apple Tart (Tarte de Pommes a la Normande),apricot,http://allrecipes.com/recipe/77874/french-apple-tart-tarte-de-pommes-a-la-normande
French Silk Frosting,confectioners' sugar,http://allrecipes.com/recipe/15325/french-silk-frosting
French Silk Frosting,butter,http://allrecipes.com/recipe/15325/french-silk-frosting
French Silk Frosting,squares unsweetened chocolate,http://allrecipes.com/recipe/15325/french-silk-frosting
French Silk Frosting,vanilla extract,http://allrecipes.com/recipe/15325/french-silk-frosting
French Silk Frosting,milk,http://allrecipes.com/recipe/15325/french-silk-frosting
Quiche Lorraine II,recipe pastry for a 9 inch single crust pie,http://allrecipes.com/recipe/18477/quiche-lorraine-ii
Quiche Lorraine II,bacon,http://allrecipes.com/recipe/18477/quiche-lorraine-ii
Quiche Lorraine II,onion,http://allrecipes.com/recipe/18477/quiche-lorraine-ii
Quiche Lorraine II,"eggs, beaten",http://allrecipes.com/recipe/18477/quiche-lorraine-ii
Quiche Lorraine II,milk,http://allrecipes.com/recipe/18477/quiche-lorraine-ii
Quiche Lorraine II,salt,http://allrecipes.com/recipe/18477/quiche-lorraine-ii
Quiche Lorraine II,shredded Swiss cheese,http://allrecipes.com/recipe/18477/quiche-lorraine-ii
Quiche Lorraine II,all-purpose flour,http://allrecipes.com/recipe/18477/quiche-lorraine-ii
Skillet Chicken Cordon Bleu,butter,http://allrecipes.com/recipe/8621/skillet-chicken-cordon-bleu
Skillet Chicken Cordon Bleu,whole boneless skinless chicken breast,http://allrecipes.com/recipe/8621/skillet-chicken-cordon-bleu
Skillet Chicken Cordon Bleu,white wine,http://allrecipes.com/recipe/8621/skillet-chicken-cordon-bleu
Skillet Chicken Cordon Bleu,condensed cream of chicken soup,http://allrecipes.com/recipe/8621/skillet-chicken-cordon-bleu
Skillet Chicken Cordon Bleu,shredded Swiss cheese,http://allrecipes.com/recipe/8621/skillet-chicken-cordon-bleu
Skillet Chicken Cordon Bleu,diced ham,http://allrecipes.com/recipe/8621/skillet-chicken-cordon-bleu
Tourtiere (Meat Pie),lean ground beef,http://allrecipes.com/recipe/23088/tourtiere-meat-pie
Tourtiere (Meat Pie),ground pork,http://allrecipes.com/recipe/23088/tourtiere-meat-pie
Tourtiere (Meat Pie),small onion,http://allrecipes.com/recipe/23088/tourtiere-meat-pie
Tourtiere (Meat Pie),garlic,http://allrecipes.com/recipe/23088/tourtiere-meat-pie
Tourtiere (Meat Pie),water,http://allrecipes.com/recipe/23088/tourtiere-meat-pie
Tourtiere (Meat Pie),stalk celery,http://allrecipes.com/recipe/23088/tourtiere-meat-pie
Tourtiere (Meat Pie),carrot,http://allrecipes.com/recipe/23088/tourtiere-meat-pie
Tourtiere (Meat Pie),cubes chicken bouillon,http://allrecipes.com/recipe/23088/tourtiere-meat-pie
Tourtiere (Meat Pie),bay leaf,http://allrecipes.com/recipe/23088/tourtiere-meat-pie
Tourtiere (Meat Pie),baking potato,http://allrecipes.com/recipe/23088/tourtiere-meat-pie
Tourtiere (Meat Pie),ground black pepper,http://allrecipes.com/recipe/23088/tourtiere-meat-pie
Tourtiere (Meat Pie),ground cinnamon,http://allrecipes.com/recipe/23088/tourtiere-meat-pie
Tourtiere (Meat Pie),,http://allrecipes.com/recipe/23088/tourtiere-meat-pie
Tourtiere (Meat Pie),ground nutmeg,http://allrecipes.com/recipe/23088/tourtiere-meat-pie
Tourtiere (Meat Pie),(9 inch)  deep dish pie crust,http://allrecipes.com/recipe/23088/tourtiere-meat-pie
Tourtiere (Meat Pie),egg yolk,http://allrecipes.com/recipe/23088/tourtiere-meat-pie
Tourtiere (Meat Pie),water,http://allrecipes.com/recipe/23088/tourtiere-meat-pie
Lance's French Onion Soup,onions,http://allrecipes.com/recipe/13308/lances-french-onion-soup
Lance's French Onion Soup,beef broth,http://allrecipes.com/recipe/13308/lances-french-onion-soup
Lance's French Onion Soup,vegetable oil,http://allrecipes.com/recipe/13308/lances-french-onion-soup
Lance's French Onion Soup,butter or margarine,http://allrecipes.com/recipe/13308/lances-french-onion-soup
Lance's French Onion Soup,shredded Swiss cheese,http://allrecipes.com/recipe/13308/lances-french-onion-soup
Lance's French Onion Soup,white sugar,http://allrecipes.com/recipe/13308/lances-french-onion-soup
Lance's French Onion Soup,white wine,http://allrecipes.com/recipe/13308/lances-french-onion-soup
Lance's French Onion Soup,salt and pepper to taste,http://allrecipes.com/recipe/13308/lances-french-onion-soup
Lance's French Onion Soup,(1 pound) loaf French bread,http://allrecipes.com/recipe/13308/lances-french-onion-soup
Slow Cooker Cassoulet,"skinless, boneless chicken breast halves, cut into chunks",http://allrecipes.com/recipe/213758/slow-cooker-cassoulet
Slow Cooker Cassoulet,onion  and,http://allrecipes.com/recipe/213758/slow-cooker-cassoulet
Slow Cooker Cassoulet,garlic,http://allrecipes.com/recipe/213758/slow-cooker-cassoulet
Slow Cooker Cassoulet,chopped fresh parsley,http://allrecipes.com/recipe/213758/slow-cooker-cassoulet
Slow Cooker Cassoulet,salt,http://allrecipes.com/recipe/213758/slow-cooker-cassoulet
Slow Cooker Cassoulet,black pepper,http://allrecipes.com/recipe/213758/slow-cooker-cassoulet
Slow Cooker Cassoulet,cannellini beans  and,http://allrecipes.com/recipe/213758/slow-cooker-cassoulet
Slow Cooker Cassoulet,,http://allrecipes.com/recipe/213758/slow-cooker-cassoulet
Slow Cooker Cassoulet,dry white wine,http://allrecipes.com/recipe/213758/slow-cooker-cassoulet
Aunt Betty's French Dressing,ketchup,http://allrecipes.com/recipe/14298/aunt-bettys-french-dressing
Aunt Betty's French Dressing,white sugar,http://allrecipes.com/recipe/14298/aunt-bettys-french-dressing
Aunt Betty's French Dressing,white wine vinegar,http://allrecipes.com/recipe/14298/aunt-bettys-french-dressing
Aunt Betty's French Dressing,vegetable oil,http://allrecipes.com/recipe/14298/aunt-bettys-french-dressing
Aunt Betty's French Dressing,small onion,http://allrecipes.com/recipe/14298/aunt-bettys-french-dressing
Aunt Betty's French Dressing,paprika,http://allrecipes.com/recipe/14298/aunt-bettys-french-dressing
Aunt Betty's French Dressing,Worcestershire sauce,http://allrecipes.com/recipe/14298/aunt-bettys-french-dressing
Crepes,eggs,http://allrecipes.com/recipe/27188/crepes
Crepes,milk,http://allrecipes.com/recipe/27188/crepes
Crepes,all-purpose flour,http://allrecipes.com/recipe/27188/crepes
Crepes,pinch salt,http://allrecipes.com/recipe/27188/crepes
Crepes,vegetable oil,http://allrecipes.com/recipe/27188/crepes
Chutney Baked Brie,(2.2 pound) wheel Brie cheese,http://allrecipes.com/recipe/17638/chutney-baked-brie
Chutney Baked Brie,ground curry powder,http://allrecipes.com/recipe/17638/chutney-baked-brie
Chutney Baked Brie,jar mango chutney,http://allrecipes.com/recipe/17638/chutney-baked-brie
Chutney Baked Brie,chopped cashews,http://allrecipes.com/recipe/17638/chutney-baked-brie
Chutney Baked Brie,,http://allrecipes.com/recipe/17638/chutney-baked-brie
Rice with Herbes de Provence,white rice,http://allrecipes.com/recipe/89408/rice-with-herbes-de-provence
Rice with Herbes de Provence,chicken stock,http://allrecipes.com/recipe/89408/rice-with-herbes-de-provence
Rice with Herbes de Provence,herbes de Provence,http://allrecipes.com/recipe/89408/rice-with-herbes-de-provence
Rice with Herbes de Provence,pinch sea salt,http://allrecipes.com/recipe/89408/rice-with-herbes-de-provence
Rice with Herbes de Provence,pinch pepper,http://allrecipes.com/recipe/89408/rice-with-herbes-de-provence
Basic Crepes,all-purpose flour,http://allrecipes.com/recipe/16383/basic-crepes
Basic Crepes,eggs,http://allrecipes.com/recipe/16383/basic-crepes
Basic Crepes,milk,http://allrecipes.com/recipe/16383/basic-crepes
Basic Crepes,water,http://allrecipes.com/recipe/16383/basic-crepes
Basic Crepes,salt,http://allrecipes.com/recipe/16383/basic-crepes
Basic Crepes,butter,http://allrecipes.com/recipe/16383/basic-crepes
Chocolate Mousse Cake IV,chocolate cake mix,http://allrecipes.com/recipe/17539/chocolate-mousse-cake-iv
Chocolate Mousse Cake IV,sweetened  milk,http://allrecipes.com/recipe/17539/chocolate-mousse-cake-iv
Chocolate Mousse Cake IV,squares unsweetened chocolate,http://allrecipes.com/recipe/17539/chocolate-mousse-cake-iv
Chocolate Mousse Cake IV,cold water,http://allrecipes.com/recipe/17539/chocolate-mousse-cake-iv
Chocolate Mousse Cake IV,instant chocolate pudding mix,http://allrecipes.com/recipe/17539/chocolate-mousse-cake-iv
Chocolate Mousse Cake IV,heavy cream,http://allrecipes.com/recipe/17539/chocolate-mousse-cake-iv
Cali's Sinful Creme Brulee,semi-sweet chocolate chips,http://allrecipes.com/recipe/83905/calis-sinful-creme-brulee
Cali's Sinful Creme Brulee,heavy cream,http://allrecipes.com/recipe/83905/calis-sinful-creme-brulee
Cali's Sinful Creme Brulee,white sugar,http://allrecipes.com/recipe/83905/calis-sinful-creme-brulee
Cali's Sinful Creme Brulee,pinch salt,http://allrecipes.com/recipe/83905/calis-sinful-creme-brulee
Cali's Sinful Creme Brulee,vanilla extract,http://allrecipes.com/recipe/83905/calis-sinful-creme-brulee
Cali's Sinful Creme Brulee,egg yolks,http://allrecipes.com/recipe/83905/calis-sinful-creme-brulee
Cali's Sinful Creme Brulee,white sugar,http://allrecipes.com/recipe/83905/calis-sinful-creme-brulee
French Herb Bread,active dry yeast,http://allrecipes.com/recipe/7065/french-herb-bread
French Herb Bread,white sugar,http://allrecipes.com/recipe/7065/french-herb-bread
French Herb Bread,salt,http://allrecipes.com/recipe/7065/french-herb-bread
French Herb Bread,all-purpose flour,http://allrecipes.com/recipe/7065/french-herb-bread
French Herb Bread,milk,http://allrecipes.com/recipe/7065/french-herb-bread
French Herb Bread,distilled white vinegar,http://allrecipes.com/recipe/7065/french-herb-bread
French Herb Bread,water,http://allrecipes.com/recipe/7065/french-herb-bread
French Herb Bread,margarine,http://allrecipes.com/recipe/7065/french-herb-bread
French Herb Bread,minced onion,http://allrecipes.com/recipe/7065/french-herb-bread
French Herb Bread,garlic,http://allrecipes.com/recipe/7065/french-herb-bread
French Herb Bread,salt,http://allrecipes.com/recipe/7065/french-herb-bread
French Herb Bread,minced parsley,http://allrecipes.com/recipe/7065/french-herb-bread
French Herb Bread,margarine,http://allrecipes.com/recipe/7065/french-herb-bread
French Onion Soup Gratinee,butter,http://allrecipes.com/recipe/91192/french-onion-soup-gratinee
French Onion Soup Gratinee,salt,http://allrecipes.com/recipe/91192/french-onion-soup-gratinee
French Onion Soup Gratinee,large red onions,http://allrecipes.com/recipe/91192/french-onion-soup-gratinee
French Onion Soup Gratinee,large sweet onions,http://allrecipes.com/recipe/91192/french-onion-soup-gratinee
French Onion Soup Gratinee,chicken broth,http://allrecipes.com/recipe/91192/french-onion-soup-gratinee
French Onion Soup Gratinee,beef broth,http://allrecipes.com/recipe/91192/french-onion-soup-gratinee
French Onion Soup Gratinee,red wine,http://allrecipes.com/recipe/91192/french-onion-soup-gratinee
French Onion Soup Gratinee,Worcestershire sauce,http://allrecipes.com/recipe/91192/french-onion-soup-gratinee
French Onion Soup Gratinee,sprigs fresh parsley,http://allrecipes.com/recipe/91192/french-onion-soup-gratinee
French Onion Soup Gratinee,sprig fresh thyme leaves,http://allrecipes.com/recipe/91192/french-onion-soup-gratinee
French Onion Soup Gratinee,bay leaf,http://allrecipes.com/recipe/91192/french-onion-soup-gratinee
French Onion Soup Gratinee,balsamic vinegar,http://allrecipes.com/recipe/91192/french-onion-soup-gratinee
French Onion Soup Gratinee,salt and  ground black pepper to taste,http://allrecipes.com/recipe/91192/french-onion-soup-gratinee
French Onion Soup Gratinee,French or Italian bread,http://allrecipes.com/recipe/91192/french-onion-soup-gratinee
French Onion Soup Gratinee,Gruyere or Swiss cheese ,http://allrecipes.com/recipe/91192/french-onion-soup-gratinee
French Onion Soup Gratinee,"shredded Asiago or mozzarella cheese, room temperature",http://allrecipes.com/recipe/91192/french-onion-soup-gratinee
French Onion Soup Gratinee,pinches paprika,http://allrecipes.com/recipe/91192/french-onion-soup-gratinee
Macaron (French Macaroon),egg whites,http://allrecipes.com/recipe/223234/macaron-french-macaroon
Macaron (French Macaroon),white sugar,http://allrecipes.com/recipe/223234/macaron-french-macaroon
Macaron (French Macaroon),confectioners' sugar,http://allrecipes.com/recipe/223234/macaron-french-macaroon
Macaron (French Macaroon),ground almonds,http://allrecipes.com/recipe/223234/macaron-french-macaroon
Rich and Simple French Onion Soup,unsalted butter,http://allrecipes.com/recipe/13309/rich-and-simple-french-onion-soup
Rich and Simple French Onion Soup,olive oil,http://allrecipes.com/recipe/13309/rich-and-simple-french-onion-soup
Rich and Simple French Onion Soup,sliced onions,http://allrecipes.com/recipe/13309/rich-and-simple-french-onion-soup
Rich and Simple French Onion Soup,beef broth,http://allrecipes.com/recipe/13309/rich-and-simple-french-onion-soup
Rich and Simple French Onion Soup,dry sherry (optional),http://allrecipes.com/recipe/13309/rich-and-simple-french-onion-soup
Rich and Simple French Onion Soup,dried thyme,http://allrecipes.com/recipe/13309/rich-and-simple-french-onion-soup
Rich and Simple French Onion Soup,salt and pepper to taste,http://allrecipes.com/recipe/13309/rich-and-simple-french-onion-soup
Rich and Simple French Onion Soup,French bread,http://allrecipes.com/recipe/13309/rich-and-simple-french-onion-soup
Rich and Simple French Onion Soup,provolone cheese,http://allrecipes.com/recipe/13309/rich-and-simple-french-onion-soup
Rich and Simple French Onion Soup,Swiss cheese,http://allrecipes.com/recipe/13309/rich-and-simple-french-onion-soup
Rich and Simple French Onion Soup,grated Parmesan cheese,http://allrecipes.com/recipe/13309/rich-and-simple-french-onion-soup
French Pastry Pie Crust,all-purpose flour,http://allrecipes.com/recipe/15075/french-pastry-pie-crust
French Pastry Pie Crust,salt,http://allrecipes.com/recipe/15075/french-pastry-pie-crust
French Pastry Pie Crust,white sugar,http://allrecipes.com/recipe/15075/french-pastry-pie-crust
French Pastry Pie Crust,shortening,http://allrecipes.com/recipe/15075/french-pastry-pie-crust
French Pastry Pie Crust,egg,http://allrecipes.com/recipe/15075/french-pastry-pie-crust
French Pastry Pie Crust,distilled white vinegar,http://allrecipes.com/recipe/15075/french-pastry-pie-crust
French Pastry Pie Crust,water,http://allrecipes.com/recipe/15075/french-pastry-pie-crust
Cordon Bleu Chicken Rolls,"skinless, boneless chicken breasts",http://allrecipes.com/recipe/16602/cordon-bleu-chicken-rolls
Cordon Bleu Chicken Rolls,cooked ham,http://allrecipes.com/recipe/16602/cordon-bleu-chicken-rolls
Cordon Bleu Chicken Rolls,Swiss cheese  into 1 inch pieces,http://allrecipes.com/recipe/16602/cordon-bleu-chicken-rolls
Cordon Bleu Chicken Rolls,salt and pepper to taste,http://allrecipes.com/recipe/16602/cordon-bleu-chicken-rolls
Cordon Bleu Chicken Rolls,dried thyme,http://allrecipes.com/recipe/16602/cordon-bleu-chicken-rolls
Cordon Bleu Chicken Rolls,melted butter,http://allrecipes.com/recipe/16602/cordon-bleu-chicken-rolls
Cordon Bleu Chicken Rolls,cornflakes cereal crumbs,http://allrecipes.com/recipe/16602/cordon-bleu-chicken-rolls
Cordon Bleu Chicken Rolls,condensed cream of chicken soup,http://allrecipes.com/recipe/16602/cordon-bleu-chicken-rolls
Cordon Bleu Chicken Rolls,sour cream,http://allrecipes.com/recipe/16602/cordon-bleu-chicken-rolls
Cordon Bleu Chicken Rolls,lemon juice,http://allrecipes.com/recipe/16602/cordon-bleu-chicken-rolls
Fabulous French Loaves,(.25 ounce) packages active dry yeast,http://allrecipes.com/recipe/20160/fabulous-french-loaves
Fabulous French Loaves,warm water (110 degrees F),http://allrecipes.com/recipe/20160/fabulous-french-loaves
Fabulous French Loaves,water,http://allrecipes.com/recipe/20160/fabulous-french-loaves
Fabulous French Loaves,bread flour,http://allrecipes.com/recipe/20160/fabulous-french-loaves
Fabulous French Loaves,salt,http://allrecipes.com/recipe/20160/fabulous-french-loaves
Fabulous French Loaves,white sugar,http://allrecipes.com/recipe/20160/fabulous-french-loaves
Fabulous French Loaves,vegetable oil,http://allrecipes.com/recipe/20160/fabulous-french-loaves
Fabulous French Loaves,cornmeal,http://allrecipes.com/recipe/20160/fabulous-french-loaves
Fabulous French Loaves,"egg white, beaten",http://allrecipes.com/recipe/20160/fabulous-french-loaves
Fabulous French Loaves,sesame seeds,http://allrecipes.com/recipe/20160/fabulous-french-loaves
Chocolate Ganache,bittersweet chocolate,http://allrecipes.com/recipe/33647/chocolate-ganache
Chocolate Ganache,heavy cream,http://allrecipes.com/recipe/33647/chocolate-ganache
Chocolate Ganache,dark rum (optional),http://allrecipes.com/recipe/33647/chocolate-ganache
Baked Chicken and Brie,light beer or dry white wine,http://allrecipes.com/recipe/88548/baked-chicken-and-brie
Baked Chicken and Brie,"skinless, boneless chicken breast halves",http://allrecipes.com/recipe/88548/baked-chicken-and-brie
Baked Chicken and Brie,salt and black pepper to taste,http://allrecipes.com/recipe/88548/baked-chicken-and-brie
Baked Chicken and Brie,"dried oregano, or to taste",http://allrecipes.com/recipe/88548/baked-chicken-and-brie
Baked Chicken and Brie,Brie cheese,http://allrecipes.com/recipe/88548/baked-chicken-and-brie
Blender Hollandaise Sauce,egg yolks,http://allrecipes.com/recipe/84214/blender-hollandaise-sauce
Blender Hollandaise Sauce,Dijon mustard,http://allrecipes.com/recipe/84214/blender-hollandaise-sauce
Blender Hollandaise Sauce,lemon juice,http://allrecipes.com/recipe/84214/blender-hollandaise-sauce
Blender Hollandaise Sauce,dash hot pepper sauce (e.g. Tabascoâ„¢),http://allrecipes.com/recipe/84214/blender-hollandaise-sauce
Blender Hollandaise Sauce,butter,http://allrecipes.com/recipe/84214/blender-hollandaise-sauce
Chicken Cordon Bleu I,"skinless, boneless chicken breast halves",http://allrecipes.com/recipe/8495/chicken-cordon-bleu-i
Chicken Cordon Bleu I,salt,http://allrecipes.com/recipe/8495/chicken-cordon-bleu-i
Chicken Cordon Bleu I,ground black pepper,http://allrecipes.com/recipe/8495/chicken-cordon-bleu-i
Chicken Cordon Bleu I,Swiss cheese,http://allrecipes.com/recipe/8495/chicken-cordon-bleu-i
Chicken Cordon Bleu I,cooked ham,http://allrecipes.com/recipe/8495/chicken-cordon-bleu-i
Chicken Cordon Bleu I,seasoned bread crumbs,http://allrecipes.com/recipe/8495/chicken-cordon-bleu-i
Traditional Layered French Croissants,all-purpose flour,http://allrecipes.com/recipe/190997/traditional-layered-french-croissants
Traditional Layered French Croissants,"unsalted butter, at room temperature",http://allrecipes.com/recipe/190997/traditional-layered-french-croissants
Traditional Layered French Croissants,all-purpose flour,http://allrecipes.com/recipe/190997/traditional-layered-french-croissants
Traditional Layered French Croissants,salt,http://allrecipes.com/recipe/190997/traditional-layered-french-croissants
Traditional Layered French Croissants,sugar,http://allrecipes.com/recipe/190997/traditional-layered-french-croissants
Traditional Layered French Croissants,(.25 ounce) packages active dry yeast,http://allrecipes.com/recipe/190997/traditional-layered-french-croissants
Traditional Layered French Croissants,lukewarm water,http://allrecipes.com/recipe/190997/traditional-layered-french-croissants
Traditional Layered French Croissants,milk,http://allrecipes.com/recipe/190997/traditional-layered-french-croissants
Traditional Layered French Croissants,heavy cream,http://allrecipes.com/recipe/190997/traditional-layered-french-croissants
Traditional Layered French Croissants,egg,http://allrecipes.com/recipe/190997/traditional-layered-french-croissants
Traditional Layered French Croissants,water,http://allrecipes.com/recipe/190997/traditional-layered-french-croissants
French Apple Pie with Cream Cheese Topping,butter,http://allrecipes.com/recipe/12549/french-apple-pie-with-cream-cheese-topping
French Apple Pie with Cream Cheese Topping,white sugar,http://allrecipes.com/recipe/12549/french-apple-pie-with-cream-cheese-topping
French Apple Pie with Cream Cheese Topping,egg,http://allrecipes.com/recipe/12549/french-apple-pie-with-cream-cheese-topping
French Apple Pie with Cream Cheese Topping,salt,http://allrecipes.com/recipe/12549/french-apple-pie-with-cream-cheese-topping
French Apple Pie with Cream Cheese Topping,ground cinnamon,http://allrecipes.com/recipe/12549/french-apple-pie-with-cream-cheese-topping
French Apple Pie with Cream Cheese Topping,ground nutmeg,http://allrecipes.com/recipe/12549/french-apple-pie-with-cream-cheese-topping
French Apple Pie with Cream Cheese Topping,baking soda,http://allrecipes.com/recipe/12549/french-apple-pie-with-cream-cheese-topping
French Apple Pie with Cream Cheese Topping,all-purpose flour,http://allrecipes.com/recipe/12549/french-apple-pie-with-cream-cheese-topping
French Apple Pie with Cream Cheese Topping,chopped walnuts,http://allrecipes.com/recipe/12549/french-apple-pie-with-cream-cheese-topping
French Apple Pie with Cream Cheese Topping,diced apple without peel,http://allrecipes.com/recipe/12549/french-apple-pie-with-cream-cheese-topping
French Apple Pie with Cream Cheese Topping,vanilla extract,http://allrecipes.com/recipe/12549/french-apple-pie-with-cream-cheese-topping
French Apple Pie with Cream Cheese Topping,hot water,http://allrecipes.com/recipe/12549/french-apple-pie-with-cream-cheese-topping
French Apple Pie with Cream Cheese Topping,cream cheese,http://allrecipes.com/recipe/12549/french-apple-pie-with-cream-cheese-topping
French Apple Pie with Cream Cheese Topping,unsalted butter,http://allrecipes.com/recipe/12549/french-apple-pie-with-cream-cheese-topping
French Apple Pie with Cream Cheese Topping,vanilla extract,http://allrecipes.com/recipe/12549/french-apple-pie-with-cream-cheese-topping
French Apple Pie with Cream Cheese Topping,sifted confectioners' sugar,http://allrecipes.com/recipe/12549/french-apple-pie-with-cream-cheese-topping
Regular Crepes,all-purpose flour,http://allrecipes.com/recipe/16203/regular-crepes
Regular Crepes,white sugar,http://allrecipes.com/recipe/16203/regular-crepes
Regular Crepes,baking powder,http://allrecipes.com/recipe/16203/regular-crepes
Regular Crepes,salt,http://allrecipes.com/recipe/16203/regular-crepes
Regular Crepes,milk,http://allrecipes.com/recipe/16203/regular-crepes
Regular Crepes,butter,http://allrecipes.com/recipe/16203/regular-crepes
Regular Crepes,vanilla extract,http://allrecipes.com/recipe/16203/regular-crepes
Regular Crepes,eggs,http://allrecipes.com/recipe/16203/regular-crepes
Poulet de Provencal,olive oil,http://allrecipes.com/recipe/223506/poulet-de-provencal
Poulet de Provencal,butter,http://allrecipes.com/recipe/223506/poulet-de-provencal
Poulet de Provencal,balsamic vinegar,http://allrecipes.com/recipe/223506/poulet-de-provencal
Poulet de Provencal,Dijon mustard,http://allrecipes.com/recipe/223506/poulet-de-provencal
Poulet de Provencal,garlic,http://allrecipes.com/recipe/223506/poulet-de-provencal
Poulet de Provencal,skinless boneless chicken breast halves  flat,http://allrecipes.com/recipe/223506/poulet-de-provencal
Poulet de Provencal,chicken stock,http://allrecipes.com/recipe/223506/poulet-de-provencal
Poulet de Provencal,large shallot,http://allrecipes.com/recipe/223506/poulet-de-provencal
Poulet de Provencal,cremini mushrooms,http://allrecipes.com/recipe/223506/poulet-de-provencal
Poulet de Provencal,chicken stock,http://allrecipes.com/recipe/223506/poulet-de-provencal
Poulet de Provencal,herbes de Provence,http://allrecipes.com/recipe/223506/poulet-de-provencal
Poulet de Provencal,balsamic vinegar,http://allrecipes.com/recipe/223506/poulet-de-provencal
Poulet de Provencal,salt and ground black pepper to taste,http://allrecipes.com/recipe/223506/poulet-de-provencal
Poulet de Provencal,provolone cheese,http://allrecipes.com/recipe/223506/poulet-de-provencal
Vanilla Crepes,milk,http://allrecipes.com/recipe/95817/vanilla-crepes
Vanilla Crepes,egg yolks,http://allrecipes.com/recipe/95817/vanilla-crepes
Vanilla Crepes,vanilla extract,http://allrecipes.com/recipe/95817/vanilla-crepes
Vanilla Crepes,all-purpose flour,http://allrecipes.com/recipe/95817/vanilla-crepes
Vanilla Crepes,sugar,http://allrecipes.com/recipe/95817/vanilla-crepes
Vanilla Crepes,salt,http://allrecipes.com/recipe/95817/vanilla-crepes
Vanilla Crepes,melted butter,http://allrecipes.com/recipe/95817/vanilla-crepes
Ratatouille,olive oil,http://allrecipes.com/recipe/18411/ratatouille
Ratatouille,garlic,http://allrecipes.com/recipe/18411/ratatouille
Ratatouille,dried parsley,http://allrecipes.com/recipe/18411/ratatouille
Ratatouille,eggplant  into 1/2 inch cubes,http://allrecipes.com/recipe/18411/ratatouille
Ratatouille,salt to taste,http://allrecipes.com/recipe/18411/ratatouille
Ratatouille,grated Parmesan cheese,http://allrecipes.com/recipe/18411/ratatouille
Ratatouille,zucchini,http://allrecipes.com/recipe/18411/ratatouille
Ratatouille,large onion  into rings,http://allrecipes.com/recipe/18411/ratatouille
Ratatouille,sliced fresh mushrooms,http://allrecipes.com/recipe/18411/ratatouille
Ratatouille,green bell pepper,http://allrecipes.com/recipe/18411/ratatouille
Ratatouille,large tomatoes,http://allrecipes.com/recipe/18411/ratatouille
Creamy Au Gratin Potatoes,,http://allrecipes.com/recipe/15925/creamy-au-gratin-potatoes
Creamy Au Gratin Potatoes,onion  into rings,http://allrecipes.com/recipe/15925/creamy-au-gratin-potatoes
Creamy Au Gratin Potatoes,salt and pepper to taste,http://allrecipes.com/recipe/15925/creamy-au-gratin-potatoes
Creamy Au Gratin Potatoes,butter,http://allrecipes.com/recipe/15925/creamy-au-gratin-potatoes
Creamy Au Gratin Potatoes,all-purpose flour,http://allrecipes.com/recipe/15925/creamy-au-gratin-potatoes
Creamy Au Gratin Potatoes,salt,http://allrecipes.com/recipe/15925/creamy-au-gratin-potatoes
Creamy Au Gratin Potatoes,milk,http://allrecipes.com/recipe/15925/creamy-au-gratin-potatoes
Creamy Au Gratin Potatoes,shredded Cheddar cheese,http://allrecipes.com/recipe/15925/creamy-au-gratin-potatoes
Easy Baked Chicken Cordon Bleu,"skinless, boneless chicken breast halves - pounded to 1/2 inch thickness",http://allrecipes.com/recipe/83414/easy-baked-chicken-cordon-bleu
Easy Baked Chicken Cordon Bleu,string cheese sticks,http://allrecipes.com/recipe/83414/easy-baked-chicken-cordon-bleu
Easy Baked Chicken Cordon Bleu,ham,http://allrecipes.com/recipe/83414/easy-baked-chicken-cordon-bleu
Easy Baked Chicken Cordon Bleu,butter,http://allrecipes.com/recipe/83414/easy-baked-chicken-cordon-bleu
Easy Baked Chicken Cordon Bleu,seasoned dry bread crumbs,http://allrecipes.com/recipe/83414/easy-baked-chicken-cordon-bleu
Easy Baked Chicken Cordon Bleu,toothpicks,http://allrecipes.com/recipe/83414/easy-baked-chicken-cordon-bleu
Disney's Ratatouille,tomato paste,http://allrecipes.com/recipe/222006/disneys-ratatouille
Disney's Ratatouille,onion,http://allrecipes.com/recipe/222006/disneys-ratatouille
Disney's Ratatouille,minced garlic,http://allrecipes.com/recipe/222006/disneys-ratatouille
Disney's Ratatouille,olive oil,http://allrecipes.com/recipe/222006/disneys-ratatouille
Disney's Ratatouille,water,http://allrecipes.com/recipe/222006/disneys-ratatouille
Disney's Ratatouille,salt and ground black pepper to taste,http://allrecipes.com/recipe/222006/disneys-ratatouille
Disney's Ratatouille,small eggplant trimmed and,http://allrecipes.com/recipe/222006/disneys-ratatouille
Disney's Ratatouille,zucchini trimmed and,http://allrecipes.com/recipe/222006/disneys-ratatouille
Disney's Ratatouille,yellow squash trimmed and,http://allrecipes.com/recipe/222006/disneys-ratatouille
Disney's Ratatouille,red bell pepper cored and,http://allrecipes.com/recipe/222006/disneys-ratatouille
Disney's Ratatouille,yellow bell pepper cored and,http://allrecipes.com/recipe/222006/disneys-ratatouille
Disney's Ratatouille,"olive oil, or to taste",http://allrecipes.com/recipe/222006/disneys-ratatouille
Disney's Ratatouille,"fresh thyme leaves, or to taste",http://allrecipes.com/recipe/222006/disneys-ratatouille
Disney's Ratatouille,mascarpone cheese,http://allrecipes.com/recipe/222006/disneys-ratatouille
Lyonnaise Potatoes,russet potatoes,http://allrecipes.com/recipe/19843/lyonnaise-potatoes
Lyonnaise Potatoes,olive oil,http://allrecipes.com/recipe/19843/lyonnaise-potatoes
Lyonnaise Potatoes,onions,http://allrecipes.com/recipe/19843/lyonnaise-potatoes
Lyonnaise Potatoes,chopped garlic,http://allrecipes.com/recipe/19843/lyonnaise-potatoes
Lyonnaise Potatoes,butter,http://allrecipes.com/recipe/19843/lyonnaise-potatoes
Lyonnaise Potatoes,salt to taste,http://allrecipes.com/recipe/19843/lyonnaise-potatoes
Lyonnaise Potatoes,"ground white pepper, to taste",http://allrecipes.com/recipe/19843/lyonnaise-potatoes
Lyonnaise Potatoes,minced fresh parsley,http://allrecipes.com/recipe/19843/lyonnaise-potatoes
Ghirardelli(R) Classic White Chocolate Creme Brulee,"large egg yolks, at room temperature",http://allrecipes.com/recipe/210409/ghirardellir-classic-white-chocolate-creme-brulee
Ghirardelli(R) Classic White Chocolate Creme Brulee,granulated white sugar,http://allrecipes.com/recipe/210409/ghirardellir-classic-white-chocolate-creme-brulee
Ghirardelli(R) Classic White Chocolate Creme Brulee,heavy cream,http://allrecipes.com/recipe/210409/ghirardellir-classic-white-chocolate-creme-brulee
Ghirardelli(R) Classic White Chocolate Creme Brulee,Ghirardelli White Chocolate baking bar broken or  into 1-inch pieces,http://allrecipes.com/recipe/210409/ghirardellir-classic-white-chocolate-creme-brulee
Ghirardelli(R) Classic White Chocolate Creme Brulee,pure vanilla extract,http://allrecipes.com/recipe/210409/ghirardellir-classic-white-chocolate-creme-brulee
Ghirardelli(R) Classic White Chocolate Creme Brulee,granulated white sugar,http://allrecipes.com/recipe/210409/ghirardellir-classic-white-chocolate-creme-brulee
"Chicken French - Rochester, NY Style","all-purpose flour, or as needed",http://allrecipes.com/recipe/213487/chicken-french---rochester-ny-style
"Chicken French - Rochester, NY Style",salt and black pepper to taste,http://allrecipes.com/recipe/213487/chicken-french---rochester-ny-style
"Chicken French - Rochester, NY Style","eggs, beaten",http://allrecipes.com/recipe/213487/chicken-french---rochester-ny-style
"Chicken French - Rochester, NY Style",white sugar,http://allrecipes.com/recipe/213487/chicken-french---rochester-ny-style
"Chicken French - Rochester, NY Style",grated Parmesan cheese,http://allrecipes.com/recipe/213487/chicken-french---rochester-ny-style
"Chicken French - Rochester, NY Style",olive oil,http://allrecipes.com/recipe/213487/chicken-french---rochester-ny-style
"Chicken French - Rochester, NY Style","skinless, boneless chicken breast halves",http://allrecipes.com/recipe/213487/chicken-french---rochester-ny-style
"Chicken French - Rochester, NY Style",butter,http://allrecipes.com/recipe/213487/chicken-french---rochester-ny-style
"Chicken French - Rochester, NY Style",minced garlic,http://allrecipes.com/recipe/213487/chicken-french---rochester-ny-style
"Chicken French - Rochester, NY Style",dry sherry,http://allrecipes.com/recipe/213487/chicken-french---rochester-ny-style
"Chicken French - Rochester, NY Style",lemon juice,http://allrecipes.com/recipe/213487/chicken-french---rochester-ny-style
"Chicken French - Rochester, NY Style",low-sodium chicken base,http://allrecipes.com/recipe/213487/chicken-french---rochester-ny-style
Poulet Parisienne,"bone-in chicken breast halves, with skin",http://allrecipes.com/recipe/17118/poulet-parisienne
Poulet Parisienne,condensed cream of mushroom soup,http://allrecipes.com/recipe/17118/poulet-parisienne
Poulet Parisienne,"mushrooms, with liquid",http://allrecipes.com/recipe/17118/poulet-parisienne
Poulet Parisienne,sour cream,http://allrecipes.com/recipe/17118/poulet-parisienne
Poulet Parisienne,cooking sherry,http://allrecipes.com/recipe/17118/poulet-parisienne
Poulet Parisienne,paprika,http://allrecipes.com/recipe/17118/poulet-parisienne
Bordelaise Sauce with Mushrooms,butter,http://allrecipes.com/recipe/166887/bordelaise-sauce-with-mushrooms
Bordelaise Sauce with Mushrooms,shallot,http://allrecipes.com/recipe/166887/bordelaise-sauce-with-mushrooms
Bordelaise Sauce with Mushrooms,minced garlic (optional),http://allrecipes.com/recipe/166887/bordelaise-sauce-with-mushrooms
Bordelaise Sauce with Mushrooms,butter,http://allrecipes.com/recipe/166887/bordelaise-sauce-with-mushrooms
Bordelaise Sauce with Mushrooms,sliced fresh mushrooms,http://allrecipes.com/recipe/166887/bordelaise-sauce-with-mushrooms
Bordelaise Sauce with Mushrooms,beef broth,http://allrecipes.com/recipe/166887/bordelaise-sauce-with-mushrooms
Bordelaise Sauce with Mushrooms,red wine,http://allrecipes.com/recipe/166887/bordelaise-sauce-with-mushrooms
Bordelaise Sauce with Mushrooms,Worcestershire sauce,http://allrecipes.com/recipe/166887/bordelaise-sauce-with-mushrooms
Bordelaise Sauce with Mushrooms,bay leaf,http://allrecipes.com/recipe/166887/bordelaise-sauce-with-mushrooms
Bordelaise Sauce with Mushrooms,"chopped fresh thyme, or to taste",http://allrecipes.com/recipe/166887/bordelaise-sauce-with-mushrooms
Bordelaise Sauce with Mushrooms,salt and pepper to taste,http://allrecipes.com/recipe/166887/bordelaise-sauce-with-mushrooms
Bordelaise Sauce with Mushrooms,cornstarch,http://allrecipes.com/recipe/166887/bordelaise-sauce-with-mushrooms
Bordelaise Sauce with Mushrooms,cold water,http://allrecipes.com/recipe/166887/bordelaise-sauce-with-mushrooms
Fresh Pea Soup,butter,http://allrecipes.com/recipe/95110/fresh-pea-soup
Fresh Pea Soup,medium shallots,http://allrecipes.com/recipe/95110/fresh-pea-soup
Fresh Pea Soup,water,http://allrecipes.com/recipe/95110/fresh-pea-soup
Fresh Pea Soup,fresh  green peas,http://allrecipes.com/recipe/95110/fresh-pea-soup
Fresh Pea Soup,salt and pepper to taste,http://allrecipes.com/recipe/95110/fresh-pea-soup
Fresh Pea Soup,whipping cream (optional),http://allrecipes.com/recipe/95110/fresh-pea-soup
French Bread,all-purpose flour,http://allrecipes.com/recipe/6882/french-bread
French Bread,(.25 ounce) packages active dry yeast,http://allrecipes.com/recipe/6882/french-bread
French Bread,salt,http://allrecipes.com/recipe/6882/french-bread
French Bread,warm water (110 degrees F/45 degrees C),http://allrecipes.com/recipe/6882/french-bread
French Bread,cornmeal,http://allrecipes.com/recipe/6882/french-bread
French Bread,egg white,http://allrecipes.com/recipe/6882/french-bread
French Bread,water,http://allrecipes.com/recipe/6882/french-bread
Holly's Chicken Cordon Bleu Casserole,cornflake crumbs,http://allrecipes.com/recipe/216026/hollys-chicken-cordon-bleu-casserole
Holly's Chicken Cordon Bleu Casserole,grated Parmesan cheese,http://allrecipes.com/recipe/216026/hollys-chicken-cordon-bleu-casserole
Holly's Chicken Cordon Bleu Casserole,butter,http://allrecipes.com/recipe/216026/hollys-chicken-cordon-bleu-casserole
Holly's Chicken Cordon Bleu Casserole,"cooked skinless, boneless chicken breast halves - cut into strips",http://allrecipes.com/recipe/216026/hollys-chicken-cordon-bleu-casserole
Holly's Chicken Cordon Bleu Casserole,salt and ground black pepper to taste,http://allrecipes.com/recipe/216026/hollys-chicken-cordon-bleu-casserole
Holly's Chicken Cordon Bleu Casserole,shredded Swiss cheese,http://allrecipes.com/recipe/216026/hollys-chicken-cordon-bleu-casserole
Holly's Chicken Cordon Bleu Casserole,cooked ham,http://allrecipes.com/recipe/216026/hollys-chicken-cordon-bleu-casserole
Holly's Chicken Cordon Bleu Casserole,sliced fresh mushrooms,http://allrecipes.com/recipe/216026/hollys-chicken-cordon-bleu-casserole
Holly's Chicken Cordon Bleu Casserole,bunch green onions,http://allrecipes.com/recipe/216026/hollys-chicken-cordon-bleu-casserole
Holly's Chicken Cordon Bleu Casserole,condensed cream of chicken soup,http://allrecipes.com/recipe/216026/hollys-chicken-cordon-bleu-casserole
Holly's Chicken Cordon Bleu Casserole,sour cream,http://allrecipes.com/recipe/216026/hollys-chicken-cordon-bleu-casserole
Holly's Chicken Cordon Bleu Casserole,"butter, melted (optional)",http://allrecipes.com/recipe/216026/hollys-chicken-cordon-bleu-casserole
French Leek Pie,(9 inch)  pie crust,http://allrecipes.com/recipe/81537/french-leek-pie
French Leek Pie,butter,http://allrecipes.com/recipe/81537/french-leek-pie
French Leek Pie,leeks,http://allrecipes.com/recipe/81537/french-leek-pie
French Leek Pie,pinch salt and black pepper to taste,http://allrecipes.com/recipe/81537/french-leek-pie
French Leek Pie,light cream,http://allrecipes.com/recipe/81537/french-leek-pie
French Leek Pie,shredded Gruyere cheese,http://allrecipes.com/recipe/81537/french-leek-pie
French Baguettes,water,http://allrecipes.com/recipe/7028/french-baguettes
French Baguettes,bread flour,http://allrecipes.com/recipe/7028/french-baguettes
French Baguettes,white sugar,http://allrecipes.com/recipe/7028/french-baguettes
French Baguettes,salt,http://allrecipes.com/recipe/7028/french-baguettes
French Baguettes,bread machine yeast,http://allrecipes.com/recipe/7028/french-baguettes
French Baguettes,egg yolk,http://allrecipes.com/recipe/7028/french-baguettes
French Baguettes,water,http://allrecipes.com/recipe/7028/french-baguettes
Meringue Mushrooms,egg whites,http://allrecipes.com/recipe/40322/meringue-mushrooms
Meringue Mushrooms,cream of tartar,http://allrecipes.com/recipe/40322/meringue-mushrooms
Meringue Mushrooms,salt,http://allrecipes.com/recipe/40322/meringue-mushrooms
Meringue Mushrooms,vanilla extract,http://allrecipes.com/recipe/40322/meringue-mushrooms
Meringue Mushrooms,white sugar,http://allrecipes.com/recipe/40322/meringue-mushrooms
Meringue Mushrooms,unsweetened cocoa powder,http://allrecipes.com/recipe/40322/meringue-mushrooms
Meringue Mushrooms,chocolate confectioners' coating,http://allrecipes.com/recipe/40322/meringue-mushrooms
French Butter Cakes (Madeleines),eggs,http://allrecipes.com/recipe/9954/french-butter-cakes-madeleines
French Butter Cakes (Madeleines),vanilla extract,http://allrecipes.com/recipe/9954/french-butter-cakes-madeleines
French Butter Cakes (Madeleines),salt,http://allrecipes.com/recipe/9954/french-butter-cakes-madeleines
French Butter Cakes (Madeleines),white sugar,http://allrecipes.com/recipe/9954/french-butter-cakes-madeleines
French Butter Cakes (Madeleines),all-purpose flour,http://allrecipes.com/recipe/9954/french-butter-cakes-madeleines
French Butter Cakes (Madeleines),lemon zest,http://allrecipes.com/recipe/9954/french-butter-cakes-madeleines
French Butter Cakes (Madeleines),butter,http://allrecipes.com/recipe/9954/french-butter-cakes-madeleines
French Butter Cakes (Madeleines),granulated sugar for decoration,http://allrecipes.com/recipe/9954/french-butter-cakes-madeleines
Fondant Potatoes,large whole russet potatoes,http://allrecipes.com/recipe/233295/fondant-potatoes
Fondant Potatoes,"high-heat-resistant vegetable oil, such as grapeseed oil",http://allrecipes.com/recipe/233295/fondant-potatoes
Fondant Potatoes,salt and ground black pepper to taste,http://allrecipes.com/recipe/233295/fondant-potatoes
Fondant Potatoes,butter,http://allrecipes.com/recipe/233295/fondant-potatoes
Fondant Potatoes,"sprigs thyme, plus more for garnish",http://allrecipes.com/recipe/233295/fondant-potatoes
Fondant Potatoes,"chicken broth, or more as needed",http://allrecipes.com/recipe/233295/fondant-potatoes
Beef Bourguignon I,Burgundy wine,http://allrecipes.com/recipe/16167/beef-bourguignon-i
Beef Bourguignon I,brandy,http://allrecipes.com/recipe/16167/beef-bourguignon-i
Beef Bourguignon I,onions,http://allrecipes.com/recipe/16167/beef-bourguignon-i
Beef Bourguignon I,carrots,http://allrecipes.com/recipe/16167/beef-bourguignon-i
Beef Bourguignon I,sprig fresh parsley,http://allrecipes.com/recipe/16167/beef-bourguignon-i
Beef Bourguignon I,bay leaf,http://allrecipes.com/recipe/16167/beef-bourguignon-i
Beef Bourguignon I,garlic,http://allrecipes.com/recipe/16167/beef-bourguignon-i
Beef Bourguignon I,whole black peppercorns,http://allrecipes.com/recipe/16167/beef-bourguignon-i
Beef Bourguignon I,salt,http://allrecipes.com/recipe/16167/beef-bourguignon-i
Beef Bourguignon I,cubed beef chuck roast,http://allrecipes.com/recipe/16167/beef-bourguignon-i
Beef Bourguignon I,olive oil,http://allrecipes.com/recipe/16167/beef-bourguignon-i
Beef Bourguignon I,bacon,http://allrecipes.com/recipe/16167/beef-bourguignon-i
Beef Bourguignon I,onions,http://allrecipes.com/recipe/16167/beef-bourguignon-i
Beef Bourguignon I,all-purpose flour,http://allrecipes.com/recipe/16167/beef-bourguignon-i
Beef Bourguignon I,tomato paste,http://allrecipes.com/recipe/16167/beef-bourguignon-i
Beef Bourguignon I,garlic,http://allrecipes.com/recipe/16167/beef-bourguignon-i
Beef Bourguignon I,beef broth,http://allrecipes.com/recipe/16167/beef-bourguignon-i
Beef Bourguignon I,salt and pepper to taste,http://allrecipes.com/recipe/16167/beef-bourguignon-i
Beef Bourguignon I,butter,http://allrecipes.com/recipe/16167/beef-bourguignon-i
Beef Bourguignon I,fresh mushrooms,http://allrecipes.com/recipe/16167/beef-bourguignon-i
French Coconut Pie,white sugar,http://allrecipes.com/recipe/20467/french-coconut-pie
French Coconut Pie,all-purpose flour,http://allrecipes.com/recipe/20467/french-coconut-pie
French Coconut Pie,eggs,http://allrecipes.com/recipe/20467/french-coconut-pie
French Coconut Pie,buttermilk,http://allrecipes.com/recipe/20467/french-coconut-pie
French Coconut Pie,margarine,http://allrecipes.com/recipe/20467/french-coconut-pie
French Coconut Pie,flaked coconut,http://allrecipes.com/recipe/20467/french-coconut-pie
French Coconut Pie,chopped pecans,http://allrecipes.com/recipe/20467/french-coconut-pie
French Coconut Pie,prepared 8 inch pastry shells,http://allrecipes.com/recipe/20467/french-coconut-pie
Easy Coq Au Vin,vegetable oil,http://allrecipes.com/recipe/17021/easy-coq-au-vin
Easy Coq Au Vin,"(4 pound) whole chicken, cut into pieces",http://allrecipes.com/recipe/17021/easy-coq-au-vin
Easy Coq Au Vin,salt,http://allrecipes.com/recipe/17021/easy-coq-au-vin
Easy Coq Au Vin,ground black pepper,http://allrecipes.com/recipe/17021/easy-coq-au-vin
Easy Coq Au Vin,garlic powder,http://allrecipes.com/recipe/17021/easy-coq-au-vin
Easy Coq Au Vin,red wine,http://allrecipes.com/recipe/17021/easy-coq-au-vin
Easy Coq Au Vin,chicken stock,http://allrecipes.com/recipe/17021/easy-coq-au-vin
Easy Coq Au Vin,onion,http://allrecipes.com/recipe/17021/easy-coq-au-vin
Easy Coq Au Vin,cornstarch,http://allrecipes.com/recipe/17021/easy-coq-au-vin
Easy Coq Au Vin,water,http://allrecipes.com/recipe/17021/easy-coq-au-vin
Baked Brie in Puff Pastry,frozen puff pastry,http://allrecipes.com/recipe/15192/baked-brie-in-puff-pastry
Baked Brie in Puff Pastry,wheel Brie cheese,http://allrecipes.com/recipe/15192/baked-brie-in-puff-pastry
Baked Brie in Puff Pastry,sliced almonds,http://allrecipes.com/recipe/15192/baked-brie-in-puff-pastry
Authentic French Meringues,egg whites,http://allrecipes.com/recipe/58871/authentic-french-meringues
Authentic French Meringues,confectioners' sugar,http://allrecipes.com/recipe/58871/authentic-french-meringues
Sweet Honey French Bread,water,http://allrecipes.com/recipe/6818/sweet-honey-french-bread
Sweet Honey French Bread,honey,http://allrecipes.com/recipe/6818/sweet-honey-french-bread
Sweet Honey French Bread,olive oil,http://allrecipes.com/recipe/6818/sweet-honey-french-bread
Sweet Honey French Bread,salt,http://allrecipes.com/recipe/6818/sweet-honey-french-bread
Sweet Honey French Bread,white sugar,http://allrecipes.com/recipe/6818/sweet-honey-french-bread
Sweet Honey French Bread,bread flour,http://allrecipes.com/recipe/6818/sweet-honey-french-bread
Sweet Honey French Bread,active dry yeast,http://allrecipes.com/recipe/6818/sweet-honey-french-bread
Sweet Honey French Bread,honey (optional),http://allrecipes.com/recipe/6818/sweet-honey-french-bread
"Blue Cheese, Bacon and Chive Stuffed Pork Chops",boneless pork loin chops,http://allrecipes.com/recipe/81087/blue-cheese-bacon-and-chive-stuffed-pork-chops
"Blue Cheese, Bacon and Chive Stuffed Pork Chops",crumbled blue cheese,http://allrecipes.com/recipe/81087/blue-cheese-bacon-and-chive-stuffed-pork-chops
"Blue Cheese, Bacon and Chive Stuffed Pork Chops",bacon - cooked and crumbled,http://allrecipes.com/recipe/81087/blue-cheese-bacon-and-chive-stuffed-pork-chops
"Blue Cheese, Bacon and Chive Stuffed Pork Chops",chopped fresh chives,http://allrecipes.com/recipe/81087/blue-cheese-bacon-and-chive-stuffed-pork-chops
"Blue Cheese, Bacon and Chive Stuffed Pork Chops",garlic salt to taste,http://allrecipes.com/recipe/81087/blue-cheese-bacon-and-chive-stuffed-pork-chops
"Blue Cheese, Bacon and Chive Stuffed Pork Chops",ground black pepper to taste,http://allrecipes.com/recipe/81087/blue-cheese-bacon-and-chive-stuffed-pork-chops
"Blue Cheese, Bacon and Chive Stuffed Pork Chops",chopped fresh parsley for garnish,http://allrecipes.com/recipe/81087/blue-cheese-bacon-and-chive-stuffed-pork-chops
Plum Clafouti,white sugar,http://allrecipes.com/recipe/41234/plum-clafouti
Plum Clafouti,Italian prune plums  and,http://allrecipes.com/recipe/41234/plum-clafouti
Plum Clafouti,eggs,http://allrecipes.com/recipe/41234/plum-clafouti
Plum Clafouti,milk,http://allrecipes.com/recipe/41234/plum-clafouti
Plum Clafouti,all-purpose flour,http://allrecipes.com/recipe/41234/plum-clafouti
Plum Clafouti,grated lemon zest,http://allrecipes.com/recipe/41234/plum-clafouti
Plum Clafouti,vanilla,http://allrecipes.com/recipe/41234/plum-clafouti
Plum Clafouti,pinch salt,http://allrecipes.com/recipe/41234/plum-clafouti
Plum Clafouti,ground cinnamon,http://allrecipes.com/recipe/41234/plum-clafouti
Plum Clafouti,confectioners' sugar,http://allrecipes.com/recipe/41234/plum-clafouti
Egg-White Crepes,whole wheat flour,http://allrecipes.com/recipe/141970/egg-white-crepes
Egg-White Crepes,egg whites,http://allrecipes.com/recipe/141970/egg-white-crepes
Egg-White Crepes,skim milk,http://allrecipes.com/recipe/141970/egg-white-crepes
Egg-White Crepes,pinch salt,http://allrecipes.com/recipe/141970/egg-white-crepes
Egg-White Crepes,vegetable oil,http://allrecipes.com/recipe/141970/egg-white-crepes
Egg-White Crepes,mixed frozen berries  and,http://allrecipes.com/recipe/141970/egg-white-crepes
Egg-White Crepes,confectioners' sugar for dusting,http://allrecipes.com/recipe/141970/egg-white-crepes
Dessert Crepes,eggs  beaten,http://allrecipes.com/recipe/19037/dessert-crepes
Dessert Crepes,milk,http://allrecipes.com/recipe/19037/dessert-crepes
Dessert Crepes,butter,http://allrecipes.com/recipe/19037/dessert-crepes
Dessert Crepes,all-purpose flour,http://allrecipes.com/recipe/19037/dessert-crepes
Dessert Crepes,white sugar,http://allrecipes.com/recipe/19037/dessert-crepes
Dessert Crepes,salt,http://allrecipes.com/recipe/19037/dessert-crepes
Gratin Dauphinois de Solange,garlic,http://allrecipes.com/recipe/246439/gratin-dauphinois-de-solange
Gratin Dauphinois de Solange,potatoes  and,http://allrecipes.com/recipe/246439/gratin-dauphinois-de-solange
Gratin Dauphinois de Solange,heavy whipping cream,http://allrecipes.com/recipe/246439/gratin-dauphinois-de-solange
Gratin Dauphinois de Solange,grated Comte cheese,http://allrecipes.com/recipe/246439/gratin-dauphinois-de-solange
Gratin Dauphinois de Solange,salt and  ground black pepper to taste,http://allrecipes.com/recipe/246439/gratin-dauphinois-de-solange
French Onion Soup III,onions,http://allrecipes.com/recipe/13395/french-onion-soup-iii
French Onion Soup III,butter,http://allrecipes.com/recipe/13395/french-onion-soup-iii
French Onion Soup III,all-purpose flour,http://allrecipes.com/recipe/13395/french-onion-soup-iii
French Onion Soup III,beef broth,http://allrecipes.com/recipe/13395/french-onion-soup-iii
French Onion Soup III,water,http://allrecipes.com/recipe/13395/french-onion-soup-iii
French Onion Soup III,French bread,http://allrecipes.com/recipe/13395/french-onion-soup-iii
French Onion Soup III,grated Parmesan cheese,http://allrecipes.com/recipe/13395/french-onion-soup-iii
French Onion Soup III,shredded Swiss cheese,http://allrecipes.com/recipe/13395/french-onion-soup-iii
Different Chicken Cordon Bleu,"skinless, boneless chicken breast halves",http://allrecipes.com/recipe/17120/different-chicken-cordon-bleu
Different Chicken Cordon Bleu,ham,http://allrecipes.com/recipe/17120/different-chicken-cordon-bleu
Different Chicken Cordon Bleu,Swiss cheese,http://allrecipes.com/recipe/17120/different-chicken-cordon-bleu
Different Chicken Cordon Bleu,condensed cream of chicken soup,http://allrecipes.com/recipe/17120/different-chicken-cordon-bleu
Different Chicken Cordon Bleu,sour cream,http://allrecipes.com/recipe/17120/different-chicken-cordon-bleu
Different Chicken Cordon Bleu,white wine,http://allrecipes.com/recipe/17120/different-chicken-cordon-bleu
Different Chicken Cordon Bleu,garlic powder,http://allrecipes.com/recipe/17120/different-chicken-cordon-bleu
Different Chicken Cordon Bleu,dried parsley,http://allrecipes.com/recipe/17120/different-chicken-cordon-bleu
Different Chicken Cordon Bleu,salt,http://allrecipes.com/recipe/17120/different-chicken-cordon-bleu
Different Chicken Cordon Bleu,ground black pepper,http://allrecipes.com/recipe/17120/different-chicken-cordon-bleu
Different Chicken Cordon Bleu,herb-seasoned dry bread stuffing mix,http://allrecipes.com/recipe/17120/different-chicken-cordon-bleu
Kalamata Olive Tapenade,garlic,http://allrecipes.com/recipe/165309/kalamata-olive-tapenade
Kalamata Olive Tapenade,pitted kalamata olives,http://allrecipes.com/recipe/165309/kalamata-olive-tapenade
Kalamata Olive Tapenade,capers,http://allrecipes.com/recipe/165309/kalamata-olive-tapenade
Kalamata Olive Tapenade,chopped fresh parsley,http://allrecipes.com/recipe/165309/kalamata-olive-tapenade
Kalamata Olive Tapenade,lemon juice,http://allrecipes.com/recipe/165309/kalamata-olive-tapenade
Kalamata Olive Tapenade,olive oil,http://allrecipes.com/recipe/165309/kalamata-olive-tapenade
Kalamata Olive Tapenade,salt and pepper to taste,http://allrecipes.com/recipe/165309/kalamata-olive-tapenade
Chicken Cordon Bleu Casserole,egg,http://allrecipes.com/recipe/132959/chicken-cordon-bleu-casserole
Chicken Cordon Bleu Casserole,milk,http://allrecipes.com/recipe/132959/chicken-cordon-bleu-casserole
Chicken Cordon Bleu Casserole,"skinless, boneless chicken breast halves - cut into chunks",http://allrecipes.com/recipe/132959/chicken-cordon-bleu-casserole
Chicken Cordon Bleu Casserole,plain  bread crumbs,http://allrecipes.com/recipe/132959/chicken-cordon-bleu-casserole
Chicken Cordon Bleu Casserole,oil for frying,http://allrecipes.com/recipe/132959/chicken-cordon-bleu-casserole
Chicken Cordon Bleu Casserole,Swiss cheese,http://allrecipes.com/recipe/132959/chicken-cordon-bleu-casserole
Chicken Cordon Bleu Casserole,cubed ham,http://allrecipes.com/recipe/132959/chicken-cordon-bleu-casserole
Chicken Cordon Bleu Casserole,condensed cream of chicken soup,http://allrecipes.com/recipe/132959/chicken-cordon-bleu-casserole
Chicken Cordon Bleu Casserole,milk,http://allrecipes.com/recipe/132959/chicken-cordon-bleu-casserole
French Breakfast Puffs,all-purpose flour,http://allrecipes.com/recipe/24149/french-breakfast-puffs
French Breakfast Puffs,baking powder,http://allrecipes.com/recipe/24149/french-breakfast-puffs
French Breakfast Puffs,salt,http://allrecipes.com/recipe/24149/french-breakfast-puffs
French Breakfast Puffs,nutmeg,http://allrecipes.com/recipe/24149/french-breakfast-puffs
French Breakfast Puffs,white sugar,http://allrecipes.com/recipe/24149/french-breakfast-puffs
French Breakfast Puffs,shortening,http://allrecipes.com/recipe/24149/french-breakfast-puffs
French Breakfast Puffs,egg,http://allrecipes.com/recipe/24149/french-breakfast-puffs
French Breakfast Puffs,milk,http://allrecipes.com/recipe/24149/french-breakfast-puffs
French Breakfast Puffs,white sugar,http://allrecipes.com/recipe/24149/french-breakfast-puffs
French Breakfast Puffs,ground cinnamon,http://allrecipes.com/recipe/24149/french-breakfast-puffs
French Breakfast Puffs,margarine,http://allrecipes.com/recipe/24149/french-breakfast-puffs
Real French Crepes,all-purpose flour,http://allrecipes.com/recipe/17571/real-french-crepes
Real French Crepes,egg,http://allrecipes.com/recipe/17571/real-french-crepes
Real French Crepes,milk,http://allrecipes.com/recipe/17571/real-french-crepes
Omelet in a Bag,eggs,http://allrecipes.com/recipe/85107/omelet-in-a-bag
Omelet in a Bag,ham  (optional),http://allrecipes.com/recipe/85107/omelet-in-a-bag
Omelet in a Bag,shredded Cheddar cheese,http://allrecipes.com/recipe/85107/omelet-in-a-bag
Omelet in a Bag,chopped onion (optional),http://allrecipes.com/recipe/85107/omelet-in-a-bag
Omelet in a Bag,chopped green bell pepper (optional),http://allrecipes.com/recipe/85107/omelet-in-a-bag
Omelet in a Bag,chopped fresh tomato (optional),http://allrecipes.com/recipe/85107/omelet-in-a-bag
Omelet in a Bag,chunky salsa (optional),http://allrecipes.com/recipe/85107/omelet-in-a-bag
Omelet in a Bag,fresh mushrooms  (optional),http://allrecipes.com/recipe/85107/omelet-in-a-bag
No-Knead Artisan Style Bread,all-purpose flour,http://allrecipes.com/recipe/214751/no-knead-artisan-style-bread
No-Knead Artisan Style Bread,active dry yeast,http://allrecipes.com/recipe/214751/no-knead-artisan-style-bread
No-Knead Artisan Style Bread,salt,http://allrecipes.com/recipe/214751/no-knead-artisan-style-bread
No-Knead Artisan Style Bread,warm water (110 degrees F/45 degrees C),http://allrecipes.com/recipe/214751/no-knead-artisan-style-bread
No-Knead Artisan Style Bread,chopped fresh rosemary (optional),http://allrecipes.com/recipe/214751/no-knead-artisan-style-bread
No-Knead Artisan Style Bread,chopped fresh thyme (optional),http://allrecipes.com/recipe/214751/no-knead-artisan-style-bread
No-Knead Artisan Style Bread,chopped fresh sage (optional),http://allrecipes.com/recipe/214751/no-knead-artisan-style-bread
Grilled Chicken Cordon Bleu Sandwiches,whole wheat bread,http://allrecipes.com/recipe/15266/grilled-chicken-cordon-bleu-sandwiches
Grilled Chicken Cordon Bleu Sandwiches,butter,http://allrecipes.com/recipe/15266/grilled-chicken-cordon-bleu-sandwiches
Grilled Chicken Cordon Bleu Sandwiches,sour cream,http://allrecipes.com/recipe/15266/grilled-chicken-cordon-bleu-sandwiches
Grilled Chicken Cordon Bleu Sandwiches,Swiss cheese,http://allrecipes.com/recipe/15266/grilled-chicken-cordon-bleu-sandwiches
Grilled Chicken Cordon Bleu Sandwiches,deli  chicken breast meat,http://allrecipes.com/recipe/15266/grilled-chicken-cordon-bleu-sandwiches
Grilled Chicken Cordon Bleu Sandwiches,deli ham,http://allrecipes.com/recipe/15266/grilled-chicken-cordon-bleu-sandwiches
French Onion Soup V,onions,http://allrecipes.com/recipe/16386/french-onion-soup-v
French Onion Soup V,butter,http://allrecipes.com/recipe/16386/french-onion-soup-v
French Onion Soup V,all-purpose flour,http://allrecipes.com/recipe/16386/french-onion-soup-v
French Onion Soup V,ground black pepper,http://allrecipes.com/recipe/16386/french-onion-soup-v
French Onion Soup V,white sugar,http://allrecipes.com/recipe/16386/french-onion-soup-v
French Onion Soup V,beef broth,http://allrecipes.com/recipe/16386/french-onion-soup-v
French Onion Soup V,water,http://allrecipes.com/recipe/16386/french-onion-soup-v
French Onion Soup V,dried parsley,http://allrecipes.com/recipe/16386/french-onion-soup-v
French Onion Soup V,dried thyme,http://allrecipes.com/recipe/16386/french-onion-soup-v
French Onion Soup V,white wine,http://allrecipes.com/recipe/16386/french-onion-soup-v
French Onion Soup V,,http://allrecipes.com/recipe/16386/french-onion-soup-v
French Onion Soup V,shredded mozzarella cheese,http://allrecipes.com/recipe/16386/french-onion-soup-v
Skillet Herbed Chicken with Mustard,Dijon mustard,http://allrecipes.com/recipe/47006/skillet-herbed-chicken-with-mustard
Skillet Herbed Chicken with Mustard,honey,http://allrecipes.com/recipe/47006/skillet-herbed-chicken-with-mustard
Skillet Herbed Chicken with Mustard,dried tarragon,http://allrecipes.com/recipe/47006/skillet-herbed-chicken-with-mustard
Skillet Herbed Chicken with Mustard,dried basil,http://allrecipes.com/recipe/47006/skillet-herbed-chicken-with-mustard
Skillet Herbed Chicken with Mustard,dried thyme,http://allrecipes.com/recipe/47006/skillet-herbed-chicken-with-mustard
Skillet Herbed Chicken with Mustard,salt,http://allrecipes.com/recipe/47006/skillet-herbed-chicken-with-mustard
Skillet Herbed Chicken with Mustard,ground black pepper,http://allrecipes.com/recipe/47006/skillet-herbed-chicken-with-mustard
Skillet Herbed Chicken with Mustard,vegetable oil,http://allrecipes.com/recipe/47006/skillet-herbed-chicken-with-mustard
Skillet Herbed Chicken with Mustard,"boneless, skinless chicken breast halves",http://allrecipes.com/recipe/47006/skillet-herbed-chicken-with-mustard
Skillet Herbed Chicken with Mustard,white wine,http://allrecipes.com/recipe/47006/skillet-herbed-chicken-with-mustard
Creme Brulee II,heavy cream,http://allrecipes.com/recipe/19029/creme-brulee-ii
Creme Brulee II,white sugar,http://allrecipes.com/recipe/19029/creme-brulee-ii
Creme Brulee II,pinch salt,http://allrecipes.com/recipe/19029/creme-brulee-ii
Creme Brulee II,vanilla extract,http://allrecipes.com/recipe/19029/creme-brulee-ii
Creme Brulee II,egg yolks,http://allrecipes.com/recipe/19029/creme-brulee-ii
Creme Brulee II,white sugar,http://allrecipes.com/recipe/19029/creme-brulee-ii
Creme Brulee,egg yolks,http://allrecipes.com/recipe/19165/creme-brulee
Creme Brulee,white sugar,http://allrecipes.com/recipe/19165/creme-brulee
Creme Brulee,vanilla extract,http://allrecipes.com/recipe/19165/creme-brulee
Creme Brulee,heavy cream,http://allrecipes.com/recipe/19165/creme-brulee
Creme Brulee,brown sugar,http://allrecipes.com/recipe/19165/creme-brulee
Chicken Cordon Bleu II,"skinless, boneless chicken breast halves",http://allrecipes.com/recipe/8669/chicken-cordon-bleu-ii
Chicken Cordon Bleu II,Swiss cheese,http://allrecipes.com/recipe/8669/chicken-cordon-bleu-ii
Chicken Cordon Bleu II,ham,http://allrecipes.com/recipe/8669/chicken-cordon-bleu-ii
Chicken Cordon Bleu II,all-purpose flour,http://allrecipes.com/recipe/8669/chicken-cordon-bleu-ii
Chicken Cordon Bleu II,paprika,http://allrecipes.com/recipe/8669/chicken-cordon-bleu-ii
Chicken Cordon Bleu II,butter,http://allrecipes.com/recipe/8669/chicken-cordon-bleu-ii
Chicken Cordon Bleu II,dry white wine,http://allrecipes.com/recipe/8669/chicken-cordon-bleu-ii
Chicken Cordon Bleu II,chicken bouillon granules,http://allrecipes.com/recipe/8669/chicken-cordon-bleu-ii
Chicken Cordon Bleu II,cornstarch,http://allrecipes.com/recipe/8669/chicken-cordon-bleu-ii
Chicken Cordon Bleu II,heavy whipping cream,http://allrecipes.com/recipe/8669/chicken-cordon-bleu-ii
